run_id,timestamp,benchmark,model,prompt_tokens,position,repeat_index,answer,selected_action,retention_ratio,kv_bits,protected_window_tokens,needle_token_index,retained_target_token,retrieval_success,execution_mode,backend_status,backend_reason,estimated_full_kv_mb,estimated_kv_cache_mb,memory_saved_percent,latency_ms_per_token,tokens_per_second,measured_kv_cache_mb,memory_pressure,swap_delta_mb,output_text,notes
needle-3072-sink-1-full_16-20260503132358,2026-05-03T11:23:58.341869+00:00,needle_minimal,models/Llama-3.2-1B-4bit,3072,sink,1,LUMINA-3072-sink-1,full_16,1.0,16,4,2,True,True,proxy,real,fp16/bf16 KV path available,96.0,96.0,0.0,0.0,0.0,,unknown,0.0,,minimal needle benchmark; proxy mode measures retention-induced reachability
needle-3072-sink-1-full_8-20260503132358,2026-05-03T11:23:58.342306+00:00,needle_minimal,models/Llama-3.2-1B-4bit,3072,sink,1,LUMINA-3072-sink-1,full_8,1.0,8,4,2,True,True,proxy,real,backend path available,96.0,50.976,46.9,0.0,0.0,,unknown,0.0,,minimal needle benchmark; proxy mode measures retention-induced reachability
needle-3072-sink-1-r75_b16-20260503132358,2026-05-03T11:23:58.342315+00:00,needle_minimal,models/Llama-3.2-1B-4bit,3072,sink,1,LUMINA-3072-sink-1,r75_b16,0.75,16,4,2,True,True,proxy,real,fp16/bf16 KV path available,96.0,72.0,25.0,0.0,0.0,,unknown,0.0,,minimal needle benchmark; proxy mode measures retention-induced reachability
needle-3072-sink-1-r50_b16-20260503132358,2026-05-03T11:23:58.342322+00:00,needle_minimal,models/Llama-3.2-1B-4bit,3072,sink,1,LUMINA-3072-sink-1,r50_b16,0.5,16,4,2,True,True,proxy,real,fp16/bf16 KV path available,96.0,48.0,50.0,0.0,0.0,,unknown,0.0,,minimal needle benchmark; proxy mode measures retention-induced reachability
needle-3072-sink-1-r30_b16-20260503132358,2026-05-03T11:23:58.342330+00:00,needle_minimal,models/Llama-3.2-1B-4bit,3072,sink,1,LUMINA-3072-sink-1,r30_b16,0.3,16,4,2,True,True,proxy,real,fp16/bf16 KV path available,96.0,28.8,70.0,0.0,0.0,,unknown,0.0,,minimal needle benchmark; proxy mode measures retention-induced reachability
needle-3072-sink-1-r75_b8-20260503132358,2026-05-03T11:23:58.342336+00:00,needle_minimal,models/Llama-3.2-1B-4bit,3072,sink,1,LUMINA-3072-sink-1,r75_b8,0.75,8,4,2,True,True,proxy,infeasible,RotatingKVCache quantization NYI,96.0,38.232,60.175,0.0,0.0,,unknown,0.0,,minimal needle benchmark; proxy mode measures retention-induced reachability
needle-3072-sink-1-r50_b8-20260503132358,2026-05-03T11:23:58.342342+00:00,needle_minimal,models/Llama-3.2-1B-4bit,3072,sink,1,LUMINA-3072-sink-1,r50_b8,0.5,8,4,2,True,True,proxy,infeasible,RotatingKVCache quantization NYI,96.0,25.488,73.45,0.0,0.0,,unknown,0.0,,minimal needle benchmark; proxy mode measures retention-induced reachability
needle-3072-sink-1-r30_b4-20260503132358,2026-05-03T11:23:58.342356+00:00,needle_minimal,models/Llama-3.2-1B-4bit,3072,sink,1,LUMINA-3072-sink-1,r30_b4,0.3,4,4,2,True,False,proxy,infeasible,kv_bits=4 not supported by backend,96.0,7.646,92.035,0.0,0.0,,unknown,0.0,,minimal needle benchmark; proxy mode measures retention-induced reachability
needle-3072-early-1-full_16-20260503132358,2026-05-03T11:23:58.342366+00:00,needle_minimal,models/Llama-3.2-1B-4bit,3072,early,1,LUMINA-3072-early-1,full_16,1.0,16,4,307,True,True,proxy,real,fp16/bf16 KV path available,96.0,96.0,0.0,0.0,0.0,,unknown,0.0,,minimal needle benchmark; proxy mode measures retention-induced reachability
needle-3072-early-1-full_8-20260503132358,2026-05-03T11:23:58.342372+00:00,needle_minimal,models/Llama-3.2-1B-4bit,3072,early,1,LUMINA-3072-early-1,full_8,1.0,8,4,307,True,True,proxy,real,backend path available,96.0,50.976,46.9,0.0,0.0,,unknown,0.0,,minimal needle benchmark; proxy mode measures retention-induced reachability
needle-3072-early-1-r75_b16-20260503132358,2026-05-03T11:23:58.342379+00:00,needle_minimal,models/Llama-3.2-1B-4bit,3072,early,1,LUMINA-3072-early-1,r75_b16,0.75,16,4,307,False,False,proxy,real,fp16/bf16 KV path available,96.0,72.0,25.0,0.0,0.0,,unknown,0.0,,minimal needle benchmark; proxy mode measures retention-induced reachability
needle-3072-early-1-r50_b16-20260503132358,2026-05-03T11:23:58.342387+00:00,needle_minimal,models/Llama-3.2-1B-4bit,3072,early,1,LUMINA-3072-early-1,r50_b16,0.5,16,4,307,False,False,proxy,real,fp16/bf16 KV path available,96.0,48.0,50.0,0.0,0.0,,unknown,0.0,,minimal needle benchmark; proxy mode measures retention-induced reachability
needle-3072-early-1-r30_b16-20260503132358,2026-05-03T11:23:58.342393+00:00,needle_minimal,models/Llama-3.2-1B-4bit,3072,early,1,LUMINA-3072-early-1,r30_b16,0.3,16,4,307,False,False,proxy,real,fp16/bf16 KV path available,96.0,28.8,70.0,0.0,0.0,,unknown,0.0,,minimal needle benchmark; proxy mode measures retention-induced reachability
needle-3072-early-1-r75_b8-20260503132358,2026-05-03T11:23:58.342400+00:00,needle_minimal,models/Llama-3.2-1B-4bit,3072,early,1,LUMINA-3072-early-1,r75_b8,0.75,8,4,307,False,False,proxy,infeasible,RotatingKVCache quantization NYI,96.0,38.232,60.175,0.0,0.0,,unknown,0.0,,minimal needle benchmark; proxy mode measures retention-induced reachability
needle-3072-early-1-r50_b8-20260503132358,2026-05-03T11:23:58.342406+00:00,needle_minimal,models/Llama-3.2-1B-4bit,3072,early,1,LUMINA-3072-early-1,r50_b8,0.5,8,4,307,False,False,proxy,infeasible,RotatingKVCache quantization NYI,96.0,25.488,73.45,0.0,0.0,,unknown,0.0,,minimal needle benchmark; proxy mode measures retention-induced reachability
needle-3072-early-1-r30_b4-20260503132358,2026-05-03T11:23:58.342413+00:00,needle_minimal,models/Llama-3.2-1B-4bit,3072,early,1,LUMINA-3072-early-1,r30_b4,0.3,4,4,307,False,False,proxy,infeasible,kv_bits=4 not supported by backend,96.0,7.646,92.035,0.0,0.0,,unknown,0.0,,minimal needle benchmark; proxy mode measures retention-induced reachability
needle-3072-middle-1-full_16-20260503132358,2026-05-03T11:23:58.342418+00:00,needle_minimal,models/Llama-3.2-1B-4bit,3072,middle,1,LUMINA-3072-middle-1,full_16,1.0,16,4,1536,True,True,proxy,real,fp16/bf16 KV path available,96.0,96.0,0.0,0.0,0.0,,unknown,0.0,,minimal needle benchmark; proxy mode measures retention-induced reachability
needle-3072-middle-1-full_8-20260503132358,2026-05-03T11:23:58.342423+00:00,needle_minimal,models/Llama-3.2-1B-4bit,3072,middle,1,LUMINA-3072-middle-1,full_8,1.0,8,4,1536,True,True,proxy,real,backend path available,96.0,50.976,46.9,0.0,0.0,,unknown,0.0,,minimal needle benchmark; proxy mode measures retention-induced reachability
needle-3072-middle-1-r75_b16-20260503132358,2026-05-03T11:23:58.342428+00:00,needle_minimal,models/Llama-3.2-1B-4bit,3072,middle,1,LUMINA-3072-middle-1,r75_b16,0.75,16,4,1536,True,True,proxy,real,fp16/bf16 KV path available,96.0,72.0,25.0,0.0,0.0,,unknown,0.0,,minimal needle benchmark; proxy mode measures retention-induced reachability
needle-3072-middle-1-r50_b16-20260503132358,2026-05-03T11:23:58.342434+00:00,needle_minimal,models/Llama-3.2-1B-4bit,3072,middle,1,LUMINA-3072-middle-1,r50_b16,0.5,16,4,1536,False,False,proxy,real,fp16/bf16 KV path available,96.0,48.0,50.0,0.0,0.0,,unknown,0.0,,minimal needle benchmark; proxy mode measures retention-induced reachability
needle-3072-middle-1-r30_b16-20260503132358,2026-05-03T11:23:58.342439+00:00,needle_minimal,models/Llama-3.2-1B-4bit,3072,middle,1,LUMINA-3072-middle-1,r30_b16,0.3,16,4,1536,False,False,proxy,real,fp16/bf16 KV path available,96.0,28.8,70.0,0.0,0.0,,unknown,0.0,,minimal needle benchmark; proxy mode measures retention-induced reachability
needle-3072-middle-1-r75_b8-20260503132358,2026-05-03T11:23:58.342445+00:00,needle_minimal,models/Llama-3.2-1B-4bit,3072,middle,1,LUMINA-3072-middle-1,r75_b8,0.75,8,4,1536,True,True,proxy,infeasible,RotatingKVCache quantization NYI,96.0,38.232,60.175,0.0,0.0,,unknown,0.0,,minimal needle benchmark; proxy mode measures retention-induced reachability
needle-3072-middle-1-r50_b8-20260503132358,2026-05-03T11:23:58.342450+00:00,needle_minimal,models/Llama-3.2-1B-4bit,3072,middle,1,LUMINA-3072-middle-1,r50_b8,0.5,8,4,1536,False,False,proxy,infeasible,RotatingKVCache quantization NYI,96.0,25.488,73.45,0.0,0.0,,unknown,0.0,,minimal needle benchmark; proxy mode measures retention-induced reachability
needle-3072-middle-1-r30_b4-20260503132358,2026-05-03T11:23:58.342455+00:00,needle_minimal,models/Llama-3.2-1B-4bit,3072,middle,1,LUMINA-3072-middle-1,r30_b4,0.3,4,4,1536,False,False,proxy,infeasible,kv_bits=4 not supported by backend,96.0,7.646,92.035,0.0,0.0,,unknown,0.0,,minimal needle benchmark; proxy mode measures retention-induced reachability
needle-3072-late-1-full_16-20260503132358,2026-05-03T11:23:58.342461+00:00,needle_minimal,models/Llama-3.2-1B-4bit,3072,late,1,LUMINA-3072-late-1,full_16,1.0,16,4,2611,True,True,proxy,real,fp16/bf16 KV path available,96.0,96.0,0.0,0.0,0.0,,unknown,0.0,,minimal needle benchmark; proxy mode measures retention-induced reachability
needle-3072-late-1-full_8-20260503132358,2026-05-03T11:23:58.342465+00:00,needle_minimal,models/Llama-3.2-1B-4bit,3072,late,1,LUMINA-3072-late-1,full_8,1.0,8,4,2611,True,True,proxy,real,backend path available,96.0,50.976,46.9,0.0,0.0,,unknown,0.0,,minimal needle benchmark; proxy mode measures retention-induced reachability
needle-3072-late-1-r75_b16-20260503132358,2026-05-03T11:23:58.342471+00:00,needle_minimal,models/Llama-3.2-1B-4bit,3072,late,1,LUMINA-3072-late-1,r75_b16,0.75,16,4,2611,True,True,proxy,real,fp16/bf16 KV path available,96.0,72.0,25.0,0.0,0.0,,unknown,0.0,,minimal needle benchmark; proxy mode measures retention-induced reachability
needle-3072-late-1-r50_b16-20260503132358,2026-05-03T11:23:58.342476+00:00,needle_minimal,models/Llama-3.2-1B-4bit,3072,late,1,LUMINA-3072-late-1,r50_b16,0.5,16,4,2611,True,True,proxy,real,fp16/bf16 KV path available,96.0,48.0,50.0,0.0,0.0,,unknown,0.0,,minimal needle benchmark; proxy mode measures retention-induced reachability
needle-3072-late-1-r30_b16-20260503132358,2026-05-03T11:23:58.342481+00:00,needle_minimal,models/Llama-3.2-1B-4bit,3072,late,1,LUMINA-3072-late-1,r30_b16,0.3,16,4,2611,True,True,proxy,real,fp16/bf16 KV path available,96.0,28.8,70.0,0.0,0.0,,unknown,0.0,,minimal needle benchmark; proxy mode measures retention-induced reachability
needle-3072-late-1-r75_b8-20260503132358,2026-05-03T11:23:58.342486+00:00,needle_minimal,models/Llama-3.2-1B-4bit,3072,late,1,LUMINA-3072-late-1,r75_b8,0.75,8,4,2611,True,True,proxy,infeasible,RotatingKVCache quantization NYI,96.0,38.232,60.175,0.0,0.0,,unknown,0.0,,minimal needle benchmark; proxy mode measures retention-induced reachability
needle-3072-late-1-r50_b8-20260503132358,2026-05-03T11:23:58.342492+00:00,needle_minimal,models/Llama-3.2-1B-4bit,3072,late,1,LUMINA-3072-late-1,r50_b8,0.5,8,4,2611,True,True,proxy,infeasible,RotatingKVCache quantization NYI,96.0,25.488,73.45,0.0,0.0,,unknown,0.0,,minimal needle benchmark; proxy mode measures retention-induced reachability
needle-3072-late-1-r30_b4-20260503132358,2026-05-03T11:23:58.342497+00:00,needle_minimal,models/Llama-3.2-1B-4bit,3072,late,1,LUMINA-3072-late-1,r30_b4,0.3,4,4,2611,True,False,proxy,infeasible,kv_bits=4 not supported by backend,96.0,7.646,92.035,0.0,0.0,,unknown,0.0,,minimal needle benchmark; proxy mode measures retention-induced reachability
needle-3072-very_late-1-full_16-20260503132358,2026-05-03T11:23:58.342503+00:00,needle_minimal,models/Llama-3.2-1B-4bit,3072,very_late,1,LUMINA-3072-very_late-1,full_16,1.0,16,4,2918,True,True,proxy,real,fp16/bf16 KV path available,96.0,96.0,0.0,0.0,0.0,,unknown,0.0,,minimal needle benchmark; proxy mode measures retention-induced reachability
needle-3072-very_late-1-full_8-20260503132358,2026-05-03T11:23:58.342507+00:00,needle_minimal,models/Llama-3.2-1B-4bit,3072,very_late,1,LUMINA-3072-very_late-1,full_8,1.0,8,4,2918,True,True,proxy,real,backend path available,96.0,50.976,46.9,0.0,0.0,,unknown,0.0,,minimal needle benchmark; proxy mode measures retention-induced reachability
needle-3072-very_late-1-r75_b16-20260503132358,2026-05-03T11:23:58.342514+00:00,needle_minimal,models/Llama-3.2-1B-4bit,3072,very_late,1,LUMINA-3072-very_late-1,r75_b16,0.75,16,4,2918,True,True,proxy,real,fp16/bf16 KV path available,96.0,72.0,25.0,0.0,0.0,,unknown,0.0,,minimal needle benchmark; proxy mode measures retention-induced reachability
needle-3072-very_late-1-r50_b16-20260503132358,2026-05-03T11:23:58.342520+00:00,needle_minimal,models/Llama-3.2-1B-4bit,3072,very_late,1,LUMINA-3072-very_late-1,r50_b16,0.5,16,4,2918,True,True,proxy,real,fp16/bf16 KV path available,96.0,48.0,50.0,0.0,0.0,,unknown,0.0,,minimal needle benchmark; proxy mode measures retention-induced reachability
needle-3072-very_late-1-r30_b16-20260503132358,2026-05-03T11:23:58.342525+00:00,needle_minimal,models/Llama-3.2-1B-4bit,3072,very_late,1,LUMINA-3072-very_late-1,r30_b16,0.3,16,4,2918,True,True,proxy,real,fp16/bf16 KV path available,96.0,28.8,70.0,0.0,0.0,,unknown,0.0,,minimal needle benchmark; proxy mode measures retention-induced reachability
needle-3072-very_late-1-r75_b8-20260503132358,2026-05-03T11:23:58.342530+00:00,needle_minimal,models/Llama-3.2-1B-4bit,3072,very_late,1,LUMINA-3072-very_late-1,r75_b8,0.75,8,4,2918,True,True,proxy,infeasible,RotatingKVCache quantization NYI,96.0,38.232,60.175,0.0,0.0,,unknown,0.0,,minimal needle benchmark; proxy mode measures retention-induced reachability
needle-3072-very_late-1-r50_b8-20260503132358,2026-05-03T11:23:58.342536+00:00,needle_minimal,models/Llama-3.2-1B-4bit,3072,very_late,1,LUMINA-3072-very_late-1,r50_b8,0.5,8,4,2918,True,True,proxy,infeasible,RotatingKVCache quantization NYI,96.0,25.488,73.45,0.0,0.0,,unknown,0.0,,minimal needle benchmark; proxy mode measures retention-induced reachability
needle-3072-very_late-1-r30_b4-20260503132358,2026-05-03T11:23:58.342541+00:00,needle_minimal,models/Llama-3.2-1B-4bit,3072,very_late,1,LUMINA-3072-very_late-1,r30_b4,0.3,4,4,2918,True,False,proxy,infeasible,kv_bits=4 not supported by backend,96.0,7.646,92.035,0.0,0.0,,unknown,0.0,,minimal needle benchmark; proxy mode measures retention-induced reachability
needle-3072-sink-2-full_16-20260503132358,2026-05-03T11:23:58.342546+00:00,needle_minimal,models/Llama-3.2-1B-4bit,3072,sink,2,LUMINA-3072-sink-2,full_16,1.0,16,4,2,True,True,proxy,real,fp16/bf16 KV path available,96.0,96.0,0.0,0.0,0.0,,unknown,0.0,,minimal needle benchmark; proxy mode measures retention-induced reachability
needle-3072-sink-2-full_8-20260503132358,2026-05-03T11:23:58.342551+00:00,needle_minimal,models/Llama-3.2-1B-4bit,3072,sink,2,LUMINA-3072-sink-2,full_8,1.0,8,4,2,True,True,proxy,real,backend path available,96.0,50.976,46.9,0.0,0.0,,unknown,0.0,,minimal needle benchmark; proxy mode measures retention-induced reachability
needle-3072-sink-2-r75_b16-20260503132358,2026-05-03T11:23:58.342555+00:00,needle_minimal,models/Llama-3.2-1B-4bit,3072,sink,2,LUMINA-3072-sink-2,r75_b16,0.75,16,4,2,True,True,proxy,real,fp16/bf16 KV path available,96.0,72.0,25.0,0.0,0.0,,unknown,0.0,,minimal needle benchmark; proxy mode measures retention-induced reachability
needle-3072-sink-2-r50_b16-20260503132358,2026-05-03T11:23:58.342560+00:00,needle_minimal,models/Llama-3.2-1B-4bit,3072,sink,2,LUMINA-3072-sink-2,r50_b16,0.5,16,4,2,True,True,proxy,real,fp16/bf16 KV path available,96.0,48.0,50.0,0.0,0.0,,unknown,0.0,,minimal needle benchmark; proxy mode measures retention-induced reachability
needle-3072-sink-2-r30_b16-20260503132358,2026-05-03T11:23:58.342565+00:00,needle_minimal,models/Llama-3.2-1B-4bit,3072,sink,2,LUMINA-3072-sink-2,r30_b16,0.3,16,4,2,True,True,proxy,real,fp16/bf16 KV path available,96.0,28.8,70.0,0.0,0.0,,unknown,0.0,,minimal needle benchmark; proxy mode measures retention-induced reachability
needle-3072-sink-2-r75_b8-20260503132358,2026-05-03T11:23:58.342570+00:00,needle_minimal,models/Llama-3.2-1B-4bit,3072,sink,2,LUMINA-3072-sink-2,r75_b8,0.75,8,4,2,True,True,proxy,infeasible,RotatingKVCache quantization NYI,96.0,38.232,60.175,0.0,0.0,,unknown,0.0,,minimal needle benchmark; proxy mode measures retention-induced reachability
needle-3072-sink-2-r50_b8-20260503132358,2026-05-03T11:23:58.342575+00:00,needle_minimal,models/Llama-3.2-1B-4bit,3072,sink,2,LUMINA-3072-sink-2,r50_b8,0.5,8,4,2,True,True,proxy,infeasible,RotatingKVCache quantization NYI,96.0,25.488,73.45,0.0,0.0,,unknown,0.0,,minimal needle benchmark; proxy mode measures retention-induced reachability
needle-3072-sink-2-r30_b4-20260503132358,2026-05-03T11:23:58.342581+00:00,needle_minimal,models/Llama-3.2-1B-4bit,3072,sink,2,LUMINA-3072-sink-2,r30_b4,0.3,4,4,2,True,False,proxy,infeasible,kv_bits=4 not supported by backend,96.0,7.646,92.035,0.0,0.0,,unknown,0.0,,minimal needle benchmark; proxy mode measures retention-induced reachability
needle-3072-early-2-full_16-20260503132358,2026-05-03T11:23:58.342586+00:00,needle_minimal,models/Llama-3.2-1B-4bit,3072,early,2,LUMINA-3072-early-2,full_16,1.0,16,4,307,True,True,proxy,real,fp16/bf16 KV path available,96.0,96.0,0.0,0.0,0.0,,unknown,0.0,,minimal needle benchmark; proxy mode measures retention-induced reachability
needle-3072-early-2-full_8-20260503132358,2026-05-03T11:23:58.342591+00:00,needle_minimal,models/Llama-3.2-1B-4bit,3072,early,2,LUMINA-3072-early-2,full_8,1.0,8,4,307,True,True,proxy,real,backend path available,96.0,50.976,46.9,0.0,0.0,,unknown,0.0,,minimal needle benchmark; proxy mode measures retention-induced reachability
needle-3072-early-2-r75_b16-20260503132358,2026-05-03T11:23:58.342596+00:00,needle_minimal,models/Llama-3.2-1B-4bit,3072,early,2,LUMINA-3072-early-2,r75_b16,0.75,16,4,307,False,False,proxy,real,fp16/bf16 KV path available,96.0,72.0,25.0,0.0,0.0,,unknown,0.0,,minimal needle benchmark; proxy mode measures retention-induced reachability
needle-3072-early-2-r50_b16-20260503132358,2026-05-03T11:23:58.342601+00:00,needle_minimal,models/Llama-3.2-1B-4bit,3072,early,2,LUMINA-3072-early-2,r50_b16,0.5,16,4,307,False,False,proxy,real,fp16/bf16 KV path available,96.0,48.0,50.0,0.0,0.0,,unknown,0.0,,minimal needle benchmark; proxy mode measures retention-induced reachability
needle-3072-early-2-r30_b16-20260503132358,2026-05-03T11:23:58.342606+00:00,needle_minimal,models/Llama-3.2-1B-4bit,3072,early,2,LUMINA-3072-early-2,r30_b16,0.3,16,4,307,False,False,proxy,real,fp16/bf16 KV path available,96.0,28.8,70.0,0.0,0.0,,unknown,0.0,,minimal needle benchmark; proxy mode measures retention-induced reachability
needle-3072-early-2-r75_b8-20260503132358,2026-05-03T11:23:58.342611+00:00,needle_minimal,models/Llama-3.2-1B-4bit,3072,early,2,LUMINA-3072-early-2,r75_b8,0.75,8,4,307,False,False,proxy,infeasible,RotatingKVCache quantization NYI,96.0,38.232,60.175,0.0,0.0,,unknown,0.0,,minimal needle benchmark; proxy mode measures retention-induced reachability
needle-3072-early-2-r50_b8-20260503132358,2026-05-03T11:23:58.342617+00:00,needle_minimal,models/Llama-3.2-1B-4bit,3072,early,2,LUMINA-3072-early-2,r50_b8,0.5,8,4,307,False,False,proxy,infeasible,RotatingKVCache quantization NYI,96.0,25.488,73.45,0.0,0.0,,unknown,0.0,,minimal needle benchmark; proxy mode measures retention-induced reachability
needle-3072-early-2-r30_b4-20260503132358,2026-05-03T11:23:58.342624+00:00,needle_minimal,models/Llama-3.2-1B-4bit,3072,early,2,LUMINA-3072-early-2,r30_b4,0.3,4,4,307,False,False,proxy,infeasible,kv_bits=4 not supported by backend,96.0,7.646,92.035,0.0,0.0,,unknown,0.0,,minimal needle benchmark; proxy mode measures retention-induced reachability
needle-3072-middle-2-full_16-20260503132358,2026-05-03T11:23:58.342629+00:00,needle_minimal,models/Llama-3.2-1B-4bit,3072,middle,2,LUMINA-3072-middle-2,full_16,1.0,16,4,1536,True,True,proxy,real,fp16/bf16 KV path available,96.0,96.0,0.0,0.0,0.0,,unknown,0.0,,minimal needle benchmark; proxy mode measures retention-induced reachability
needle-3072-middle-2-full_8-20260503132358,2026-05-03T11:23:58.342634+00:00,needle_minimal,models/Llama-3.2-1B-4bit,3072,middle,2,LUMINA-3072-middle-2,full_8,1.0,8,4,1536,True,True,proxy,real,backend path available,96.0,50.976,46.9,0.0,0.0,,unknown,0.0,,minimal needle benchmark; proxy mode measures retention-induced reachability
needle-3072-middle-2-r75_b16-20260503132358,2026-05-03T11:23:58.342639+00:00,needle_minimal,models/Llama-3.2-1B-4bit,3072,middle,2,LUMINA-3072-middle-2,r75_b16,0.75,16,4,1536,True,True,proxy,real,fp16/bf16 KV path available,96.0,72.0,25.0,0.0,0.0,,unknown,0.0,,minimal needle benchmark; proxy mode measures retention-induced reachability
needle-3072-middle-2-r50_b16-20260503132358,2026-05-03T11:23:58.342644+00:00,needle_minimal,models/Llama-3.2-1B-4bit,3072,middle,2,LUMINA-3072-middle-2,r50_b16,0.5,16,4,1536,False,False,proxy,real,fp16/bf16 KV path available,96.0,48.0,50.0,0.0,0.0,,unknown,0.0,,minimal needle benchmark; proxy mode measures retention-induced reachability
needle-3072-middle-2-r30_b16-20260503132358,2026-05-03T11:23:58.342649+00:00,needle_minimal,models/Llama-3.2-1B-4bit,3072,middle,2,LUMINA-3072-middle-2,r30_b16,0.3,16,4,1536,False,False,proxy,real,fp16/bf16 KV path available,96.0,28.8,70.0,0.0,0.0,,unknown,0.0,,minimal needle benchmark; proxy mode measures retention-induced reachability
needle-3072-middle-2-r75_b8-20260503132358,2026-05-03T11:23:58.342655+00:00,needle_minimal,models/Llama-3.2-1B-4bit,3072,middle,2,LUMINA-3072-middle-2,r75_b8,0.75,8,4,1536,True,True,proxy,infeasible,RotatingKVCache quantization NYI,96.0,38.232,60.175,0.0,0.0,,unknown,0.0,,minimal needle benchmark; proxy mode measures retention-induced reachability
needle-3072-middle-2-r50_b8-20260503132358,2026-05-03T11:23:58.342660+00:00,needle_minimal,models/Llama-3.2-1B-4bit,3072,middle,2,LUMINA-3072-middle-2,r50_b8,0.5,8,4,1536,False,False,proxy,infeasible,RotatingKVCache quantization NYI,96.0,25.488,73.45,0.0,0.0,,unknown,0.0,,minimal needle benchmark; proxy mode measures retention-induced reachability
needle-3072-middle-2-r30_b4-20260503132358,2026-05-03T11:23:58.342665+00:00,needle_minimal,models/Llama-3.2-1B-4bit,3072,middle,2,LUMINA-3072-middle-2,r30_b4,0.3,4,4,1536,False,False,proxy,infeasible,kv_bits=4 not supported by backend,96.0,7.646,92.035,0.0,0.0,,unknown,0.0,,minimal needle benchmark; proxy mode measures retention-induced reachability
needle-3072-late-2-full_16-20260503132358,2026-05-03T11:23:58.342671+00:00,needle_minimal,models/Llama-3.2-1B-4bit,3072,late,2,LUMINA-3072-late-2,full_16,1.0,16,4,2611,True,True,proxy,real,fp16/bf16 KV path available,96.0,96.0,0.0,0.0,0.0,,unknown,0.0,,minimal needle benchmark; proxy mode measures retention-induced reachability
needle-3072-late-2-full_8-20260503132358,2026-05-03T11:23:58.342675+00:00,needle_minimal,models/Llama-3.2-1B-4bit,3072,late,2,LUMINA-3072-late-2,full_8,1.0,8,4,2611,True,True,proxy,real,backend path available,96.0,50.976,46.9,0.0,0.0,,unknown,0.0,,minimal needle benchmark; proxy mode measures retention-induced reachability
needle-3072-late-2-r75_b16-20260503132358,2026-05-03T11:23:58.342680+00:00,needle_minimal,models/Llama-3.2-1B-4bit,3072,late,2,LUMINA-3072-late-2,r75_b16,0.75,16,4,2611,True,True,proxy,real,fp16/bf16 KV path available,96.0,72.0,25.0,0.0,0.0,,unknown,0.0,,minimal needle benchmark; proxy mode measures retention-induced reachability
needle-3072-late-2-r50_b16-20260503132358,2026-05-03T11:23:58.342686+00:00,needle_minimal,models/Llama-3.2-1B-4bit,3072,late,2,LUMINA-3072-late-2,r50_b16,0.5,16,4,2611,True,True,proxy,real,fp16/bf16 KV path available,96.0,48.0,50.0,0.0,0.0,,unknown,0.0,,minimal needle benchmark; proxy mode measures retention-induced reachability
needle-3072-late-2-r30_b16-20260503132358,2026-05-03T11:23:58.342691+00:00,needle_minimal,models/Llama-3.2-1B-4bit,3072,late,2,LUMINA-3072-late-2,r30_b16,0.3,16,4,2611,True,True,proxy,real,fp16/bf16 KV path available,96.0,28.8,70.0,0.0,0.0,,unknown,0.0,,minimal needle benchmark; proxy mode measures retention-induced reachability
needle-3072-late-2-r75_b8-20260503132358,2026-05-03T11:23:58.342696+00:00,needle_minimal,models/Llama-3.2-1B-4bit,3072,late,2,LUMINA-3072-late-2,r75_b8,0.75,8,4,2611,True,True,proxy,infeasible,RotatingKVCache quantization NYI,96.0,38.232,60.175,0.0,0.0,,unknown,0.0,,minimal needle benchmark; proxy mode measures retention-induced reachability
needle-3072-late-2-r50_b8-20260503132358,2026-05-03T11:23:58.342701+00:00,needle_minimal,models/Llama-3.2-1B-4bit,3072,late,2,LUMINA-3072-late-2,r50_b8,0.5,8,4,2611,True,True,proxy,infeasible,RotatingKVCache quantization NYI,96.0,25.488,73.45,0.0,0.0,,unknown,0.0,,minimal needle benchmark; proxy mode measures retention-induced reachability
needle-3072-late-2-r30_b4-20260503132358,2026-05-03T11:23:58.342707+00:00,needle_minimal,models/Llama-3.2-1B-4bit,3072,late,2,LUMINA-3072-late-2,r30_b4,0.3,4,4,2611,True,False,proxy,infeasible,kv_bits=4 not supported by backend,96.0,7.646,92.035,0.0,0.0,,unknown,0.0,,minimal needle benchmark; proxy mode measures retention-induced reachability
needle-3072-very_late-2-full_16-20260503132358,2026-05-03T11:23:58.342712+00:00,needle_minimal,models/Llama-3.2-1B-4bit,3072,very_late,2,LUMINA-3072-very_late-2,full_16,1.0,16,4,2918,True,True,proxy,real,fp16/bf16 KV path available,96.0,96.0,0.0,0.0,0.0,,unknown,0.0,,minimal needle benchmark; proxy mode measures retention-induced reachability
needle-3072-very_late-2-full_8-20260503132358,2026-05-03T11:23:58.342717+00:00,needle_minimal,models/Llama-3.2-1B-4bit,3072,very_late,2,LUMINA-3072-very_late-2,full_8,1.0,8,4,2918,True,True,proxy,real,backend path available,96.0,50.976,46.9,0.0,0.0,,unknown,0.0,,minimal needle benchmark; proxy mode measures retention-induced reachability
needle-3072-very_late-2-r75_b16-20260503132358,2026-05-03T11:23:58.342722+00:00,needle_minimal,models/Llama-3.2-1B-4bit,3072,very_late,2,LUMINA-3072-very_late-2,r75_b16,0.75,16,4,2918,True,True,proxy,real,fp16/bf16 KV path available,96.0,72.0,25.0,0.0,0.0,,unknown,0.0,,minimal needle benchmark; proxy mode measures retention-induced reachability
needle-3072-very_late-2-r50_b16-20260503132358,2026-05-03T11:23:58.342727+00:00,needle_minimal,models/Llama-3.2-1B-4bit,3072,very_late,2,LUMINA-3072-very_late-2,r50_b16,0.5,16,4,2918,True,True,proxy,real,fp16/bf16 KV path available,96.0,48.0,50.0,0.0,0.0,,unknown,0.0,,minimal needle benchmark; proxy mode measures retention-induced reachability
needle-3072-very_late-2-r30_b16-20260503132358,2026-05-03T11:23:58.342734+00:00,needle_minimal,models/Llama-3.2-1B-4bit,3072,very_late,2,LUMINA-3072-very_late-2,r30_b16,0.3,16,4,2918,True,True,proxy,real,fp16/bf16 KV path available,96.0,28.8,70.0,0.0,0.0,,unknown,0.0,,minimal needle benchmark; proxy mode measures retention-induced reachability
needle-3072-very_late-2-r75_b8-20260503132358,2026-05-03T11:23:58.342739+00:00,needle_minimal,models/Llama-3.2-1B-4bit,3072,very_late,2,LUMINA-3072-very_late-2,r75_b8,0.75,8,4,2918,True,True,proxy,infeasible,RotatingKVCache quantization NYI,96.0,38.232,60.175,0.0,0.0,,unknown,0.0,,minimal needle benchmark; proxy mode measures retention-induced reachability
needle-3072-very_late-2-r50_b8-20260503132358,2026-05-03T11:23:58.342745+00:00,needle_minimal,models/Llama-3.2-1B-4bit,3072,very_late,2,LUMINA-3072-very_late-2,r50_b8,0.5,8,4,2918,True,True,proxy,infeasible,RotatingKVCache quantization NYI,96.0,25.488,73.45,0.0,0.0,,unknown,0.0,,minimal needle benchmark; proxy mode measures retention-induced reachability
needle-3072-very_late-2-r30_b4-20260503132358,2026-05-03T11:23:58.342750+00:00,needle_minimal,models/Llama-3.2-1B-4bit,3072,very_late,2,LUMINA-3072-very_late-2,r30_b4,0.3,4,4,2918,True,False,proxy,infeasible,kv_bits=4 not supported by backend,96.0,7.646,92.035,0.0,0.0,,unknown,0.0,,minimal needle benchmark; proxy mode measures retention-induced reachability
needle-3072-sink-3-full_16-20260503132358,2026-05-03T11:23:58.342755+00:00,needle_minimal,models/Llama-3.2-1B-4bit,3072,sink,3,LUMINA-3072-sink-3,full_16,1.0,16,4,2,True,True,proxy,real,fp16/bf16 KV path available,96.0,96.0,0.0,0.0,0.0,,unknown,0.0,,minimal needle benchmark; proxy mode measures retention-induced reachability
needle-3072-sink-3-full_8-20260503132358,2026-05-03T11:23:58.342761+00:00,needle_minimal,models/Llama-3.2-1B-4bit,3072,sink,3,LUMINA-3072-sink-3,full_8,1.0,8,4,2,True,True,proxy,real,backend path available,96.0,50.976,46.9,0.0,0.0,,unknown,0.0,,minimal needle benchmark; proxy mode measures retention-induced reachability
needle-3072-sink-3-r75_b16-20260503132358,2026-05-03T11:23:58.342765+00:00,needle_minimal,models/Llama-3.2-1B-4bit,3072,sink,3,LUMINA-3072-sink-3,r75_b16,0.75,16,4,2,True,True,proxy,real,fp16/bf16 KV path available,96.0,72.0,25.0,0.0,0.0,,unknown,0.0,,minimal needle benchmark; proxy mode measures retention-induced reachability
needle-3072-sink-3-r50_b16-20260503132358,2026-05-03T11:23:58.342770+00:00,needle_minimal,models/Llama-3.2-1B-4bit,3072,sink,3,LUMINA-3072-sink-3,r50_b16,0.5,16,4,2,True,True,proxy,real,fp16/bf16 KV path available,96.0,48.0,50.0,0.0,0.0,,unknown,0.0,,minimal needle benchmark; proxy mode measures retention-induced reachability
needle-3072-sink-3-r30_b16-20260503132358,2026-05-03T11:23:58.342775+00:00,needle_minimal,models/Llama-3.2-1B-4bit,3072,sink,3,LUMINA-3072-sink-3,r30_b16,0.3,16,4,2,True,True,proxy,real,fp16/bf16 KV path available,96.0,28.8,70.0,0.0,0.0,,unknown,0.0,,minimal needle benchmark; proxy mode measures retention-induced reachability
needle-3072-sink-3-r75_b8-20260503132358,2026-05-03T11:23:58.342780+00:00,needle_minimal,models/Llama-3.2-1B-4bit,3072,sink,3,LUMINA-3072-sink-3,r75_b8,0.75,8,4,2,True,True,proxy,infeasible,RotatingKVCache quantization NYI,96.0,38.232,60.175,0.0,0.0,,unknown,0.0,,minimal needle benchmark; proxy mode measures retention-induced reachability
needle-3072-sink-3-r50_b8-20260503132358,2026-05-03T11:23:58.342785+00:00,needle_minimal,models/Llama-3.2-1B-4bit,3072,sink,3,LUMINA-3072-sink-3,r50_b8,0.5,8,4,2,True,True,proxy,infeasible,RotatingKVCache quantization NYI,96.0,25.488,73.45,0.0,0.0,,unknown,0.0,,minimal needle benchmark; proxy mode measures retention-induced reachability
needle-3072-sink-3-r30_b4-20260503132358,2026-05-03T11:23:58.342791+00:00,needle_minimal,models/Llama-3.2-1B-4bit,3072,sink,3,LUMINA-3072-sink-3,r30_b4,0.3,4,4,2,True,False,proxy,infeasible,kv_bits=4 not supported by backend,96.0,7.646,92.035,0.0,0.0,,unknown,0.0,,minimal needle benchmark; proxy mode measures retention-induced reachability
needle-3072-early-3-full_16-20260503132358,2026-05-03T11:23:58.342796+00:00,needle_minimal,models/Llama-3.2-1B-4bit,3072,early,3,LUMINA-3072-early-3,full_16,1.0,16,4,307,True,True,proxy,real,fp16/bf16 KV path available,96.0,96.0,0.0,0.0,0.0,,unknown,0.0,,minimal needle benchmark; proxy mode measures retention-induced reachability
needle-3072-early-3-full_8-20260503132358,2026-05-03T11:23:58.342800+00:00,needle_minimal,models/Llama-3.2-1B-4bit,3072,early,3,LUMINA-3072-early-3,full_8,1.0,8,4,307,True,True,proxy,real,backend path available,96.0,50.976,46.9,0.0,0.0,,unknown,0.0,,minimal needle benchmark; proxy mode measures retention-induced reachability
needle-3072-early-3-r75_b16-20260503132358,2026-05-03T11:23:58.342805+00:00,needle_minimal,models/Llama-3.2-1B-4bit,3072,early,3,LUMINA-3072-early-3,r75_b16,0.75,16,4,307,False,False,proxy,real,fp16/bf16 KV path available,96.0,72.0,25.0,0.0,0.0,,unknown,0.0,,minimal needle benchmark; proxy mode measures retention-induced reachability
needle-3072-early-3-r50_b16-20260503132358,2026-05-03T11:23:58.342811+00:00,needle_minimal,models/Llama-3.2-1B-4bit,3072,early,3,LUMINA-3072-early-3,r50_b16,0.5,16,4,307,False,False,proxy,real,fp16/bf16 KV path available,96.0,48.0,50.0,0.0,0.0,,unknown,0.0,,minimal needle benchmark; proxy mode measures retention-induced reachability
needle-3072-early-3-r30_b16-20260503132358,2026-05-03T11:23:58.342816+00:00,needle_minimal,models/Llama-3.2-1B-4bit,3072,early,3,LUMINA-3072-early-3,r30_b16,0.3,16,4,307,False,False,proxy,real,fp16/bf16 KV path available,96.0,28.8,70.0,0.0,0.0,,unknown,0.0,,minimal needle benchmark; proxy mode measures retention-induced reachability
needle-3072-early-3-r75_b8-20260503132358,2026-05-03T11:23:58.342822+00:00,needle_minimal,models/Llama-3.2-1B-4bit,3072,early,3,LUMINA-3072-early-3,r75_b8,0.75,8,4,307,False,False,proxy,infeasible,RotatingKVCache quantization NYI,96.0,38.232,60.175,0.0,0.0,,unknown,0.0,,minimal needle benchmark; proxy mode measures retention-induced reachability
needle-3072-early-3-r50_b8-20260503132358,2026-05-03T11:23:58.342827+00:00,needle_minimal,models/Llama-3.2-1B-4bit,3072,early,3,LUMINA-3072-early-3,r50_b8,0.5,8,4,307,False,False,proxy,infeasible,RotatingKVCache quantization NYI,96.0,25.488,73.45,0.0,0.0,,unknown,0.0,,minimal needle benchmark; proxy mode measures retention-induced reachability
needle-3072-early-3-r30_b4-20260503132358,2026-05-03T11:23:58.342832+00:00,needle_minimal,models/Llama-3.2-1B-4bit,3072,early,3,LUMINA-3072-early-3,r30_b4,0.3,4,4,307,False,False,proxy,infeasible,kv_bits=4 not supported by backend,96.0,7.646,92.035,0.0,0.0,,unknown,0.0,,minimal needle benchmark; proxy mode measures retention-induced reachability
needle-3072-middle-3-full_16-20260503132358,2026-05-03T11:23:58.342838+00:00,needle_minimal,models/Llama-3.2-1B-4bit,3072,middle,3,LUMINA-3072-middle-3,full_16,1.0,16,4,1536,True,True,proxy,real,fp16/bf16 KV path available,96.0,96.0,0.0,0.0,0.0,,unknown,0.0,,minimal needle benchmark; proxy mode measures retention-induced reachability
needle-3072-middle-3-full_8-20260503132358,2026-05-03T11:23:58.342843+00:00,needle_minimal,models/Llama-3.2-1B-4bit,3072,middle,3,LUMINA-3072-middle-3,full_8,1.0,8,4,1536,True,True,proxy,real,backend path available,96.0,50.976,46.9,0.0,0.0,,unknown,0.0,,minimal needle benchmark; proxy mode measures retention-induced reachability
needle-3072-middle-3-r75_b16-20260503132358,2026-05-03T11:23:58.342848+00:00,needle_minimal,models/Llama-3.2-1B-4bit,3072,middle,3,LUMINA-3072-middle-3,r75_b16,0.75,16,4,1536,True,True,proxy,real,fp16/bf16 KV path available,96.0,72.0,25.0,0.0,0.0,,unknown,0.0,,minimal needle benchmark; proxy mode measures retention-induced reachability
needle-3072-middle-3-r50_b16-20260503132358,2026-05-03T11:23:58.342854+00:00,needle_minimal,models/Llama-3.2-1B-4bit,3072,middle,3,LUMINA-3072-middle-3,r50_b16,0.5,16,4,1536,False,False,proxy,real,fp16/bf16 KV path available,96.0,48.0,50.0,0.0,0.0,,unknown,0.0,,minimal needle benchmark; proxy mode measures retention-induced reachability
needle-3072-middle-3-r30_b16-20260503132358,2026-05-03T11:23:58.342859+00:00,needle_minimal,models/Llama-3.2-1B-4bit,3072,middle,3,LUMINA-3072-middle-3,r30_b16,0.3,16,4,1536,False,False,proxy,real,fp16/bf16 KV path available,96.0,28.8,70.0,0.0,0.0,,unknown,0.0,,minimal needle benchmark; proxy mode measures retention-induced reachability
needle-3072-middle-3-r75_b8-20260503132358,2026-05-03T11:23:58.342864+00:00,needle_minimal,models/Llama-3.2-1B-4bit,3072,middle,3,LUMINA-3072-middle-3,r75_b8,0.75,8,4,1536,True,True,proxy,infeasible,RotatingKVCache quantization NYI,96.0,38.232,60.175,0.0,0.0,,unknown,0.0,,minimal needle benchmark; proxy mode measures retention-induced reachability
needle-3072-middle-3-r50_b8-20260503132358,2026-05-03T11:23:58.342870+00:00,needle_minimal,models/Llama-3.2-1B-4bit,3072,middle,3,LUMINA-3072-middle-3,r50_b8,0.5,8,4,1536,False,False,proxy,infeasible,RotatingKVCache quantization NYI,96.0,25.488,73.45,0.0,0.0,,unknown,0.0,,minimal needle benchmark; proxy mode measures retention-induced reachability
needle-3072-middle-3-r30_b4-20260503132358,2026-05-03T11:23:58.342875+00:00,needle_minimal,models/Llama-3.2-1B-4bit,3072,middle,3,LUMINA-3072-middle-3,r30_b4,0.3,4,4,1536,False,False,proxy,infeasible,kv_bits=4 not supported by backend,96.0,7.646,92.035,0.0,0.0,,unknown,0.0,,minimal needle benchmark; proxy mode measures retention-induced reachability
needle-3072-late-3-full_16-20260503132358,2026-05-03T11:23:58.342880+00:00,needle_minimal,models/Llama-3.2-1B-4bit,3072,late,3,LUMINA-3072-late-3,full_16,1.0,16,4,2611,True,True,proxy,real,fp16/bf16 KV path available,96.0,96.0,0.0,0.0,0.0,,unknown,0.0,,minimal needle benchmark; proxy mode measures retention-induced reachability
needle-3072-late-3-full_8-20260503132358,2026-05-03T11:23:58.342885+00:00,needle_minimal,models/Llama-3.2-1B-4bit,3072,late,3,LUMINA-3072-late-3,full_8,1.0,8,4,2611,True,True,proxy,real,backend path available,96.0,50.976,46.9,0.0,0.0,,unknown,0.0,,minimal needle benchmark; proxy mode measures retention-induced reachability
needle-3072-late-3-r75_b16-20260503132358,2026-05-03T11:23:58.342890+00:00,needle_minimal,models/Llama-3.2-1B-4bit,3072,late,3,LUMINA-3072-late-3,r75_b16,0.75,16,4,2611,True,True,proxy,real,fp16/bf16 KV path available,96.0,72.0,25.0,0.0,0.0,,unknown,0.0,,minimal needle benchmark; proxy mode measures retention-induced reachability
needle-3072-late-3-r50_b16-20260503132358,2026-05-03T11:23:58.342895+00:00,needle_minimal,models/Llama-3.2-1B-4bit,3072,late,3,LUMINA-3072-late-3,r50_b16,0.5,16,4,2611,True,True,proxy,real,fp16/bf16 KV path available,96.0,48.0,50.0,0.0,0.0,,unknown,0.0,,minimal needle benchmark; proxy mode measures retention-induced reachability
needle-3072-late-3-r30_b16-20260503132358,2026-05-03T11:23:58.342901+00:00,needle_minimal,models/Llama-3.2-1B-4bit,3072,late,3,LUMINA-3072-late-3,r30_b16,0.3,16,4,2611,True,True,proxy,real,fp16/bf16 KV path available,96.0,28.8,70.0,0.0,0.0,,unknown,0.0,,minimal needle benchmark; proxy mode measures retention-induced reachability
needle-3072-late-3-r75_b8-20260503132358,2026-05-03T11:23:58.342906+00:00,needle_minimal,models/Llama-3.2-1B-4bit,3072,late,3,LUMINA-3072-late-3,r75_b8,0.75,8,4,2611,True,True,proxy,infeasible,RotatingKVCache quantization NYI,96.0,38.232,60.175,0.0,0.0,,unknown,0.0,,minimal needle benchmark; proxy mode measures retention-induced reachability
needle-3072-late-3-r50_b8-20260503132358,2026-05-03T11:23:58.342911+00:00,needle_minimal,models/Llama-3.2-1B-4bit,3072,late,3,LUMINA-3072-late-3,r50_b8,0.5,8,4,2611,True,True,proxy,infeasible,RotatingKVCache quantization NYI,96.0,25.488,73.45,0.0,0.0,,unknown,0.0,,minimal needle benchmark; proxy mode measures retention-induced reachability
needle-3072-late-3-r30_b4-20260503132358,2026-05-03T11:23:58.342917+00:00,needle_minimal,models/Llama-3.2-1B-4bit,3072,late,3,LUMINA-3072-late-3,r30_b4,0.3,4,4,2611,True,False,proxy,infeasible,kv_bits=4 not supported by backend,96.0,7.646,92.035,0.0,0.0,,unknown,0.0,,minimal needle benchmark; proxy mode measures retention-induced reachability
needle-3072-very_late-3-full_16-20260503132358,2026-05-03T11:23:58.342922+00:00,needle_minimal,models/Llama-3.2-1B-4bit,3072,very_late,3,LUMINA-3072-very_late-3,full_16,1.0,16,4,2918,True,True,proxy,real,fp16/bf16 KV path available,96.0,96.0,0.0,0.0,0.0,,unknown,0.0,,minimal needle benchmark; proxy mode measures retention-induced reachability
needle-3072-very_late-3-full_8-20260503132358,2026-05-03T11:23:58.342926+00:00,needle_minimal,models/Llama-3.2-1B-4bit,3072,very_late,3,LUMINA-3072-very_late-3,full_8,1.0,8,4,2918,True,True,proxy,real,backend path available,96.0,50.976,46.9,0.0,0.0,,unknown,0.0,,minimal needle benchmark; proxy mode measures retention-induced reachability
needle-3072-very_late-3-r75_b16-20260503132358,2026-05-03T11:23:58.342931+00:00,needle_minimal,models/Llama-3.2-1B-4bit,3072,very_late,3,LUMINA-3072-very_late-3,r75_b16,0.75,16,4,2918,True,True,proxy,real,fp16/bf16 KV path available,96.0,72.0,25.0,0.0,0.0,,unknown,0.0,,minimal needle benchmark; proxy mode measures retention-induced reachability
needle-3072-very_late-3-r50_b16-20260503132358,2026-05-03T11:23:58.342937+00:00,needle_minimal,models/Llama-3.2-1B-4bit,3072,very_late,3,LUMINA-3072-very_late-3,r50_b16,0.5,16,4,2918,True,True,proxy,real,fp16/bf16 KV path available,96.0,48.0,50.0,0.0,0.0,,unknown,0.0,,minimal needle benchmark; proxy mode measures retention-induced reachability
needle-3072-very_late-3-r30_b16-20260503132358,2026-05-03T11:23:58.342943+00:00,needle_minimal,models/Llama-3.2-1B-4bit,3072,very_late,3,LUMINA-3072-very_late-3,r30_b16,0.3,16,4,2918,True,True,proxy,real,fp16/bf16 KV path available,96.0,28.8,70.0,0.0,0.0,,unknown,0.0,,minimal needle benchmark; proxy mode measures retention-induced reachability
needle-3072-very_late-3-r75_b8-20260503132358,2026-05-03T11:23:58.342949+00:00,needle_minimal,models/Llama-3.2-1B-4bit,3072,very_late,3,LUMINA-3072-very_late-3,r75_b8,0.75,8,4,2918,True,True,proxy,infeasible,RotatingKVCache quantization NYI,96.0,38.232,60.175,0.0,0.0,,unknown,0.0,,minimal needle benchmark; proxy mode measures retention-induced reachability
needle-3072-very_late-3-r50_b8-20260503132358,2026-05-03T11:23:58.342956+00:00,needle_minimal,models/Llama-3.2-1B-4bit,3072,very_late,3,LUMINA-3072-very_late-3,r50_b8,0.5,8,4,2918,True,True,proxy,infeasible,RotatingKVCache quantization NYI,96.0,25.488,73.45,0.0,0.0,,unknown,0.0,,minimal needle benchmark; proxy mode measures retention-induced reachability
needle-3072-very_late-3-r30_b4-20260503132358,2026-05-03T11:23:58.342961+00:00,needle_minimal,models/Llama-3.2-1B-4bit,3072,very_late,3,LUMINA-3072-very_late-3,r30_b4,0.3,4,4,2918,True,False,proxy,infeasible,kv_bits=4 not supported by backend,96.0,7.646,92.035,0.0,0.0,,unknown,0.0,,minimal needle benchmark; proxy mode measures retention-induced reachability
needle-10000-sink-1-full_16-20260503132358,2026-05-03T11:23:58.342968+00:00,needle_minimal,models/Llama-3.2-1B-4bit,10000,sink,1,LUMINA-10000-sink-1,full_16,1.0,16,4,2,True,True,proxy,real,fp16/bf16 KV path available,312.5,312.5,0.0,0.0,0.0,,unknown,0.0,,minimal needle benchmark; proxy mode measures retention-induced reachability
needle-10000-sink-1-full_8-20260503132358,2026-05-03T11:23:58.342972+00:00,needle_minimal,models/Llama-3.2-1B-4bit,10000,sink,1,LUMINA-10000-sink-1,full_8,1.0,8,4,2,True,True,proxy,real,backend path available,312.5,165.938,46.9,0.0,0.0,,unknown,0.0,,minimal needle benchmark; proxy mode measures retention-induced reachability
needle-10000-sink-1-r75_b16-20260503132358,2026-05-03T11:23:58.342977+00:00,needle_minimal,models/Llama-3.2-1B-4bit,10000,sink,1,LUMINA-10000-sink-1,r75_b16,0.75,16,4,2,True,True,proxy,real,fp16/bf16 KV path available,312.5,234.375,25.0,0.0,0.0,,unknown,0.0,,minimal needle benchmark; proxy mode measures retention-induced reachability
needle-10000-sink-1-r50_b16-20260503132358,2026-05-03T11:23:58.342982+00:00,needle_minimal,models/Llama-3.2-1B-4bit,10000,sink,1,LUMINA-10000-sink-1,r50_b16,0.5,16,4,2,True,True,proxy,real,fp16/bf16 KV path available,312.5,156.25,50.0,0.0,0.0,,unknown,0.0,,minimal needle benchmark; proxy mode measures retention-induced reachability
needle-10000-sink-1-r30_b16-20260503132358,2026-05-03T11:23:58.342987+00:00,needle_minimal,models/Llama-3.2-1B-4bit,10000,sink,1,LUMINA-10000-sink-1,r30_b16,0.3,16,4,2,True,True,proxy,real,fp16/bf16 KV path available,312.5,93.75,70.0,0.0,0.0,,unknown,0.0,,minimal needle benchmark; proxy mode measures retention-induced reachability
needle-10000-sink-1-r75_b8-20260503132358,2026-05-03T11:23:58.342992+00:00,needle_minimal,models/Llama-3.2-1B-4bit,10000,sink,1,LUMINA-10000-sink-1,r75_b8,0.75,8,4,2,True,True,proxy,infeasible,RotatingKVCache quantization NYI,312.5,124.453,60.175,0.0,0.0,,unknown,0.0,,minimal needle benchmark; proxy mode measures retention-induced reachability
needle-10000-sink-1-r50_b8-20260503132358,2026-05-03T11:23:58.342997+00:00,needle_minimal,models/Llama-3.2-1B-4bit,10000,sink,1,LUMINA-10000-sink-1,r50_b8,0.5,8,4,2,True,True,proxy,infeasible,RotatingKVCache quantization NYI,312.5,82.969,73.45,0.0,0.0,,unknown,0.0,,minimal needle benchmark; proxy mode measures retention-induced reachability
needle-10000-sink-1-r30_b4-20260503132358,2026-05-03T11:23:58.343003+00:00,needle_minimal,models/Llama-3.2-1B-4bit,10000,sink,1,LUMINA-10000-sink-1,r30_b4,0.3,4,4,2,True,False,proxy,infeasible,kv_bits=4 not supported by backend,312.5,24.891,92.035,0.0,0.0,,unknown,0.0,,minimal needle benchmark; proxy mode measures retention-induced reachability
needle-10000-early-1-full_16-20260503132358,2026-05-03T11:23:58.343008+00:00,needle_minimal,models/Llama-3.2-1B-4bit,10000,early,1,LUMINA-10000-early-1,full_16,1.0,16,4,1000,True,True,proxy,real,fp16/bf16 KV path available,312.5,312.5,0.0,0.0,0.0,,unknown,0.0,,minimal needle benchmark; proxy mode measures retention-induced reachability
needle-10000-early-1-full_8-20260503132358,2026-05-03T11:23:58.343013+00:00,needle_minimal,models/Llama-3.2-1B-4bit,10000,early,1,LUMINA-10000-early-1,full_8,1.0,8,4,1000,True,True,proxy,real,backend path available,312.5,165.938,46.9,0.0,0.0,,unknown,0.0,,minimal needle benchmark; proxy mode measures retention-induced reachability
needle-10000-early-1-r75_b16-20260503132358,2026-05-03T11:23:58.343018+00:00,needle_minimal,models/Llama-3.2-1B-4bit,10000,early,1,LUMINA-10000-early-1,r75_b16,0.75,16,4,1000,False,False,proxy,real,fp16/bf16 KV path available,312.5,234.375,25.0,0.0,0.0,,unknown,0.0,,minimal needle benchmark; proxy mode measures retention-induced reachability
needle-10000-early-1-r50_b16-20260503132358,2026-05-03T11:23:58.343023+00:00,needle_minimal,models/Llama-3.2-1B-4bit,10000,early,1,LUMINA-10000-early-1,r50_b16,0.5,16,4,1000,False,False,proxy,real,fp16/bf16 KV path available,312.5,156.25,50.0,0.0,0.0,,unknown,0.0,,minimal needle benchmark; proxy mode measures retention-induced reachability
needle-10000-early-1-r30_b16-20260503132358,2026-05-03T11:23:58.343028+00:00,needle_minimal,models/Llama-3.2-1B-4bit,10000,early,1,LUMINA-10000-early-1,r30_b16,0.3,16,4,1000,False,False,proxy,real,fp16/bf16 KV path available,312.5,93.75,70.0,0.0,0.0,,unknown,0.0,,minimal needle benchmark; proxy mode measures retention-induced reachability
needle-10000-early-1-r75_b8-20260503132358,2026-05-03T11:23:58.343034+00:00,needle_minimal,models/Llama-3.2-1B-4bit,10000,early,1,LUMINA-10000-early-1,r75_b8,0.75,8,4,1000,False,False,proxy,infeasible,RotatingKVCache quantization NYI,312.5,124.453,60.175,0.0,0.0,,unknown,0.0,,minimal needle benchmark; proxy mode measures retention-induced reachability
needle-10000-early-1-r50_b8-20260503132358,2026-05-03T11:23:58.343039+00:00,needle_minimal,models/Llama-3.2-1B-4bit,10000,early,1,LUMINA-10000-early-1,r50_b8,0.5,8,4,1000,False,False,proxy,infeasible,RotatingKVCache quantization NYI,312.5,82.969,73.45,0.0,0.0,,unknown,0.0,,minimal needle benchmark; proxy mode measures retention-induced reachability
needle-10000-early-1-r30_b4-20260503132358,2026-05-03T11:23:58.343044+00:00,needle_minimal,models/Llama-3.2-1B-4bit,10000,early,1,LUMINA-10000-early-1,r30_b4,0.3,4,4,1000,False,False,proxy,infeasible,kv_bits=4 not supported by backend,312.5,24.891,92.035,0.0,0.0,,unknown,0.0,,minimal needle benchmark; proxy mode measures retention-induced reachability
needle-10000-middle-1-full_16-20260503132358,2026-05-03T11:23:58.343050+00:00,needle_minimal,models/Llama-3.2-1B-4bit,10000,middle,1,LUMINA-10000-middle-1,full_16,1.0,16,4,5000,True,True,proxy,real,fp16/bf16 KV path available,312.5,312.5,0.0,0.0,0.0,,unknown,0.0,,minimal needle benchmark; proxy mode measures retention-induced reachability
needle-10000-middle-1-full_8-20260503132358,2026-05-03T11:23:58.343054+00:00,needle_minimal,models/Llama-3.2-1B-4bit,10000,middle,1,LUMINA-10000-middle-1,full_8,1.0,8,4,5000,True,True,proxy,real,backend path available,312.5,165.938,46.9,0.0,0.0,,unknown,0.0,,minimal needle benchmark; proxy mode measures retention-induced reachability
needle-10000-middle-1-r75_b16-20260503132358,2026-05-03T11:23:58.343059+00:00,needle_minimal,models/Llama-3.2-1B-4bit,10000,middle,1,LUMINA-10000-middle-1,r75_b16,0.75,16,4,5000,True,True,proxy,real,fp16/bf16 KV path available,312.5,234.375,25.0,0.0,0.0,,unknown,0.0,,minimal needle benchmark; proxy mode measures retention-induced reachability
needle-10000-middle-1-r50_b16-20260503132358,2026-05-03T11:23:58.343066+00:00,needle_minimal,models/Llama-3.2-1B-4bit,10000,middle,1,LUMINA-10000-middle-1,r50_b16,0.5,16,4,5000,False,False,proxy,real,fp16/bf16 KV path available,312.5,156.25,50.0,0.0,0.0,,unknown,0.0,,minimal needle benchmark; proxy mode measures retention-induced reachability
needle-10000-middle-1-r30_b16-20260503132358,2026-05-03T11:23:58.343072+00:00,needle_minimal,models/Llama-3.2-1B-4bit,10000,middle,1,LUMINA-10000-middle-1,r30_b16,0.3,16,4,5000,False,False,proxy,real,fp16/bf16 KV path available,312.5,93.75,70.0,0.0,0.0,,unknown,0.0,,minimal needle benchmark; proxy mode measures retention-induced reachability
needle-10000-middle-1-r75_b8-20260503132358,2026-05-03T11:23:58.343077+00:00,needle_minimal,models/Llama-3.2-1B-4bit,10000,middle,1,LUMINA-10000-middle-1,r75_b8,0.75,8,4,5000,True,True,proxy,infeasible,RotatingKVCache quantization NYI,312.5,124.453,60.175,0.0,0.0,,unknown,0.0,,minimal needle benchmark; proxy mode measures retention-induced reachability
needle-10000-middle-1-r50_b8-20260503132358,2026-05-03T11:23:58.343082+00:00,needle_minimal,models/Llama-3.2-1B-4bit,10000,middle,1,LUMINA-10000-middle-1,r50_b8,0.5,8,4,5000,False,False,proxy,infeasible,RotatingKVCache quantization NYI,312.5,82.969,73.45,0.0,0.0,,unknown,0.0,,minimal needle benchmark; proxy mode measures retention-induced reachability
needle-10000-middle-1-r30_b4-20260503132358,2026-05-03T11:23:58.343088+00:00,needle_minimal,models/Llama-3.2-1B-4bit,10000,middle,1,LUMINA-10000-middle-1,r30_b4,0.3,4,4,5000,False,False,proxy,infeasible,kv_bits=4 not supported by backend,312.5,24.891,92.035,0.0,0.0,,unknown,0.0,,minimal needle benchmark; proxy mode measures retention-induced reachability
needle-10000-late-1-full_16-20260503132358,2026-05-03T11:23:58.343093+00:00,needle_minimal,models/Llama-3.2-1B-4bit,10000,late,1,LUMINA-10000-late-1,full_16,1.0,16,4,8500,True,True,proxy,real,fp16/bf16 KV path available,312.5,312.5,0.0,0.0,0.0,,unknown,0.0,,minimal needle benchmark; proxy mode measures retention-induced reachability
needle-10000-late-1-full_8-20260503132358,2026-05-03T11:23:58.343098+00:00,needle_minimal,models/Llama-3.2-1B-4bit,10000,late,1,LUMINA-10000-late-1,full_8,1.0,8,4,8500,True,True,proxy,real,backend path available,312.5,165.938,46.9,0.0,0.0,,unknown,0.0,,minimal needle benchmark; proxy mode measures retention-induced reachability
needle-10000-late-1-r75_b16-20260503132358,2026-05-03T11:23:58.343103+00:00,needle_minimal,models/Llama-3.2-1B-4bit,10000,late,1,LUMINA-10000-late-1,r75_b16,0.75,16,4,8500,True,True,proxy,real,fp16/bf16 KV path available,312.5,234.375,25.0,0.0,0.0,,unknown,0.0,,minimal needle benchmark; proxy mode measures retention-induced reachability
needle-10000-late-1-r50_b16-20260503132358,2026-05-03T11:23:58.343108+00:00,needle_minimal,models/Llama-3.2-1B-4bit,10000,late,1,LUMINA-10000-late-1,r50_b16,0.5,16,4,8500,True,True,proxy,real,fp16/bf16 KV path available,312.5,156.25,50.0,0.0,0.0,,unknown,0.0,,minimal needle benchmark; proxy mode measures retention-induced reachability
needle-10000-late-1-r30_b16-20260503132358,2026-05-03T11:23:58.343113+00:00,needle_minimal,models/Llama-3.2-1B-4bit,10000,late,1,LUMINA-10000-late-1,r30_b16,0.3,16,4,8500,True,True,proxy,real,fp16/bf16 KV path available,312.5,93.75,70.0,0.0,0.0,,unknown,0.0,,minimal needle benchmark; proxy mode measures retention-induced reachability
needle-10000-late-1-r75_b8-20260503132358,2026-05-03T11:23:58.343119+00:00,needle_minimal,models/Llama-3.2-1B-4bit,10000,late,1,LUMINA-10000-late-1,r75_b8,0.75,8,4,8500,True,True,proxy,infeasible,RotatingKVCache quantization NYI,312.5,124.453,60.175,0.0,0.0,,unknown,0.0,,minimal needle benchmark; proxy mode measures retention-induced reachability
needle-10000-late-1-r50_b8-20260503132358,2026-05-03T11:23:58.343124+00:00,needle_minimal,models/Llama-3.2-1B-4bit,10000,late,1,LUMINA-10000-late-1,r50_b8,0.5,8,4,8500,True,True,proxy,infeasible,RotatingKVCache quantization NYI,312.5,82.969,73.45,0.0,0.0,,unknown,0.0,,minimal needle benchmark; proxy mode measures retention-induced reachability
needle-10000-late-1-r30_b4-20260503132358,2026-05-03T11:23:58.343130+00:00,needle_minimal,models/Llama-3.2-1B-4bit,10000,late,1,LUMINA-10000-late-1,r30_b4,0.3,4,4,8500,True,False,proxy,infeasible,kv_bits=4 not supported by backend,312.5,24.891,92.035,0.0,0.0,,unknown,0.0,,minimal needle benchmark; proxy mode measures retention-induced reachability
needle-10000-very_late-1-full_16-20260503132358,2026-05-03T11:23:58.343135+00:00,needle_minimal,models/Llama-3.2-1B-4bit,10000,very_late,1,LUMINA-10000-very_late-1,full_16,1.0,16,4,9500,True,True,proxy,real,fp16/bf16 KV path available,312.5,312.5,0.0,0.0,0.0,,unknown,0.0,,minimal needle benchmark; proxy mode measures retention-induced reachability
needle-10000-very_late-1-full_8-20260503132358,2026-05-03T11:23:58.343140+00:00,needle_minimal,models/Llama-3.2-1B-4bit,10000,very_late,1,LUMINA-10000-very_late-1,full_8,1.0,8,4,9500,True,True,proxy,real,backend path available,312.5,165.938,46.9,0.0,0.0,,unknown,0.0,,minimal needle benchmark; proxy mode measures retention-induced reachability
needle-10000-very_late-1-r75_b16-20260503132358,2026-05-03T11:23:58.343145+00:00,needle_minimal,models/Llama-3.2-1B-4bit,10000,very_late,1,LUMINA-10000-very_late-1,r75_b16,0.75,16,4,9500,True,True,proxy,real,fp16/bf16 KV path available,312.5,234.375,25.0,0.0,0.0,,unknown,0.0,,minimal needle benchmark; proxy mode measures retention-induced reachability
needle-10000-very_late-1-r50_b16-20260503132358,2026-05-03T11:23:58.343150+00:00,needle_minimal,models/Llama-3.2-1B-4bit,10000,very_late,1,LUMINA-10000-very_late-1,r50_b16,0.5,16,4,9500,True,True,proxy,real,fp16/bf16 KV path available,312.5,156.25,50.0,0.0,0.0,,unknown,0.0,,minimal needle benchmark; proxy mode measures retention-induced reachability
needle-10000-very_late-1-r30_b16-20260503132358,2026-05-03T11:23:58.343155+00:00,needle_minimal,models/Llama-3.2-1B-4bit,10000,very_late,1,LUMINA-10000-very_late-1,r30_b16,0.3,16,4,9500,True,True,proxy,real,fp16/bf16 KV path available,312.5,93.75,70.0,0.0,0.0,,unknown,0.0,,minimal needle benchmark; proxy mode measures retention-induced reachability
needle-10000-very_late-1-r75_b8-20260503132358,2026-05-03T11:23:58.343160+00:00,needle_minimal,models/Llama-3.2-1B-4bit,10000,very_late,1,LUMINA-10000-very_late-1,r75_b8,0.75,8,4,9500,True,True,proxy,infeasible,RotatingKVCache quantization NYI,312.5,124.453,60.175,0.0,0.0,,unknown,0.0,,minimal needle benchmark; proxy mode measures retention-induced reachability
needle-10000-very_late-1-r50_b8-20260503132358,2026-05-03T11:23:58.343166+00:00,needle_minimal,models/Llama-3.2-1B-4bit,10000,very_late,1,LUMINA-10000-very_late-1,r50_b8,0.5,8,4,9500,True,True,proxy,infeasible,RotatingKVCache quantization NYI,312.5,82.969,73.45,0.0,0.0,,unknown,0.0,,minimal needle benchmark; proxy mode measures retention-induced reachability
needle-10000-very_late-1-r30_b4-20260503132358,2026-05-03T11:23:58.343171+00:00,needle_minimal,models/Llama-3.2-1B-4bit,10000,very_late,1,LUMINA-10000-very_late-1,r30_b4,0.3,4,4,9500,True,False,proxy,infeasible,kv_bits=4 not supported by backend,312.5,24.891,92.035,0.0,0.0,,unknown,0.0,,minimal needle benchmark; proxy mode measures retention-induced reachability
needle-10000-sink-2-full_16-20260503132358,2026-05-03T11:23:58.343178+00:00,needle_minimal,models/Llama-3.2-1B-4bit,10000,sink,2,LUMINA-10000-sink-2,full_16,1.0,16,4,2,True,True,proxy,real,fp16/bf16 KV path available,312.5,312.5,0.0,0.0,0.0,,unknown,0.0,,minimal needle benchmark; proxy mode measures retention-induced reachability
needle-10000-sink-2-full_8-20260503132358,2026-05-03T11:23:58.343183+00:00,needle_minimal,models/Llama-3.2-1B-4bit,10000,sink,2,LUMINA-10000-sink-2,full_8,1.0,8,4,2,True,True,proxy,real,backend path available,312.5,165.938,46.9,0.0,0.0,,unknown,0.0,,minimal needle benchmark; proxy mode measures retention-induced reachability
needle-10000-sink-2-r75_b16-20260503132358,2026-05-03T11:23:58.343188+00:00,needle_minimal,models/Llama-3.2-1B-4bit,10000,sink,2,LUMINA-10000-sink-2,r75_b16,0.75,16,4,2,True,True,proxy,real,fp16/bf16 KV path available,312.5,234.375,25.0,0.0,0.0,,unknown,0.0,,minimal needle benchmark; proxy mode measures retention-induced reachability
needle-10000-sink-2-r50_b16-20260503132358,2026-05-03T11:23:58.343193+00:00,needle_minimal,models/Llama-3.2-1B-4bit,10000,sink,2,LUMINA-10000-sink-2,r50_b16,0.5,16,4,2,True,True,proxy,real,fp16/bf16 KV path available,312.5,156.25,50.0,0.0,0.0,,unknown,0.0,,minimal needle benchmark; proxy mode measures retention-induced reachability
needle-10000-sink-2-r30_b16-20260503132358,2026-05-03T11:23:58.343198+00:00,needle_minimal,models/Llama-3.2-1B-4bit,10000,sink,2,LUMINA-10000-sink-2,r30_b16,0.3,16,4,2,True,True,proxy,real,fp16/bf16 KV path available,312.5,93.75,70.0,0.0,0.0,,unknown,0.0,,minimal needle benchmark; proxy mode measures retention-induced reachability
needle-10000-sink-2-r75_b8-20260503132358,2026-05-03T11:23:58.343204+00:00,needle_minimal,models/Llama-3.2-1B-4bit,10000,sink,2,LUMINA-10000-sink-2,r75_b8,0.75,8,4,2,True,True,proxy,infeasible,RotatingKVCache quantization NYI,312.5,124.453,60.175,0.0,0.0,,unknown,0.0,,minimal needle benchmark; proxy mode measures retention-induced reachability
needle-10000-sink-2-r50_b8-20260503132358,2026-05-03T11:23:58.343209+00:00,needle_minimal,models/Llama-3.2-1B-4bit,10000,sink,2,LUMINA-10000-sink-2,r50_b8,0.5,8,4,2,True,True,proxy,infeasible,RotatingKVCache quantization NYI,312.5,82.969,73.45,0.0,0.0,,unknown,0.0,,minimal needle benchmark; proxy mode measures retention-induced reachability
needle-10000-sink-2-r30_b4-20260503132358,2026-05-03T11:23:58.343214+00:00,needle_minimal,models/Llama-3.2-1B-4bit,10000,sink,2,LUMINA-10000-sink-2,r30_b4,0.3,4,4,2,True,False,proxy,infeasible,kv_bits=4 not supported by backend,312.5,24.891,92.035,0.0,0.0,,unknown,0.0,,minimal needle benchmark; proxy mode measures retention-induced reachability
needle-10000-early-2-full_16-20260503132358,2026-05-03T11:23:58.343219+00:00,needle_minimal,models/Llama-3.2-1B-4bit,10000,early,2,LUMINA-10000-early-2,full_16,1.0,16,4,1000,True,True,proxy,real,fp16/bf16 KV path available,312.5,312.5,0.0,0.0,0.0,,unknown,0.0,,minimal needle benchmark; proxy mode measures retention-induced reachability
needle-10000-early-2-full_8-20260503132358,2026-05-03T11:23:58.343224+00:00,needle_minimal,models/Llama-3.2-1B-4bit,10000,early,2,LUMINA-10000-early-2,full_8,1.0,8,4,1000,True,True,proxy,real,backend path available,312.5,165.938,46.9,0.0,0.0,,unknown,0.0,,minimal needle benchmark; proxy mode measures retention-induced reachability
needle-10000-early-2-r75_b16-20260503132358,2026-05-03T11:23:58.343229+00:00,needle_minimal,models/Llama-3.2-1B-4bit,10000,early,2,LUMINA-10000-early-2,r75_b16,0.75,16,4,1000,False,False,proxy,real,fp16/bf16 KV path available,312.5,234.375,25.0,0.0,0.0,,unknown,0.0,,minimal needle benchmark; proxy mode measures retention-induced reachability
needle-10000-early-2-r50_b16-20260503132358,2026-05-03T11:23:58.343234+00:00,needle_minimal,models/Llama-3.2-1B-4bit,10000,early,2,LUMINA-10000-early-2,r50_b16,0.5,16,4,1000,False,False,proxy,real,fp16/bf16 KV path available,312.5,156.25,50.0,0.0,0.0,,unknown,0.0,,minimal needle benchmark; proxy mode measures retention-induced reachability
needle-10000-early-2-r30_b16-20260503132358,2026-05-03T11:23:58.343239+00:00,needle_minimal,models/Llama-3.2-1B-4bit,10000,early,2,LUMINA-10000-early-2,r30_b16,0.3,16,4,1000,False,False,proxy,real,fp16/bf16 KV path available,312.5,93.75,70.0,0.0,0.0,,unknown,0.0,,minimal needle benchmark; proxy mode measures retention-induced reachability
needle-10000-early-2-r75_b8-20260503132358,2026-05-03T11:23:58.343245+00:00,needle_minimal,models/Llama-3.2-1B-4bit,10000,early,2,LUMINA-10000-early-2,r75_b8,0.75,8,4,1000,False,False,proxy,infeasible,RotatingKVCache quantization NYI,312.5,124.453,60.175,0.0,0.0,,unknown,0.0,,minimal needle benchmark; proxy mode measures retention-induced reachability
needle-10000-early-2-r50_b8-20260503132358,2026-05-03T11:23:58.343250+00:00,needle_minimal,models/Llama-3.2-1B-4bit,10000,early,2,LUMINA-10000-early-2,r50_b8,0.5,8,4,1000,False,False,proxy,infeasible,RotatingKVCache quantization NYI,312.5,82.969,73.45,0.0,0.0,,unknown,0.0,,minimal needle benchmark; proxy mode measures retention-induced reachability
needle-10000-early-2-r30_b4-20260503132358,2026-05-03T11:23:58.343255+00:00,needle_minimal,models/Llama-3.2-1B-4bit,10000,early,2,LUMINA-10000-early-2,r30_b4,0.3,4,4,1000,False,False,proxy,infeasible,kv_bits=4 not supported by backend,312.5,24.891,92.035,0.0,0.0,,unknown,0.0,,minimal needle benchmark; proxy mode measures retention-induced reachability
needle-10000-middle-2-full_16-20260503132358,2026-05-03T11:23:58.343261+00:00,needle_minimal,models/Llama-3.2-1B-4bit,10000,middle,2,LUMINA-10000-middle-2,full_16,1.0,16,4,5000,True,True,proxy,real,fp16/bf16 KV path available,312.5,312.5,0.0,0.0,0.0,,unknown,0.0,,minimal needle benchmark; proxy mode measures retention-induced reachability
needle-10000-middle-2-full_8-20260503132358,2026-05-03T11:23:58.343265+00:00,needle_minimal,models/Llama-3.2-1B-4bit,10000,middle,2,LUMINA-10000-middle-2,full_8,1.0,8,4,5000,True,True,proxy,real,backend path available,312.5,165.938,46.9,0.0,0.0,,unknown,0.0,,minimal needle benchmark; proxy mode measures retention-induced reachability
needle-10000-middle-2-r75_b16-20260503132358,2026-05-03T11:23:58.343270+00:00,needle_minimal,models/Llama-3.2-1B-4bit,10000,middle,2,LUMINA-10000-middle-2,r75_b16,0.75,16,4,5000,True,True,proxy,real,fp16/bf16 KV path available,312.5,234.375,25.0,0.0,0.0,,unknown,0.0,,minimal needle benchmark; proxy mode measures retention-induced reachability
needle-10000-middle-2-r50_b16-20260503132358,2026-05-03T11:23:58.343276+00:00,needle_minimal,models/Llama-3.2-1B-4bit,10000,middle,2,LUMINA-10000-middle-2,r50_b16,0.5,16,4,5000,False,False,proxy,real,fp16/bf16 KV path available,312.5,156.25,50.0,0.0,0.0,,unknown,0.0,,minimal needle benchmark; proxy mode measures retention-induced reachability
needle-10000-middle-2-r30_b16-20260503132358,2026-05-03T11:23:58.343281+00:00,needle_minimal,models/Llama-3.2-1B-4bit,10000,middle,2,LUMINA-10000-middle-2,r30_b16,0.3,16,4,5000,False,False,proxy,real,fp16/bf16 KV path available,312.5,93.75,70.0,0.0,0.0,,unknown,0.0,,minimal needle benchmark; proxy mode measures retention-induced reachability
needle-10000-middle-2-r75_b8-20260503132358,2026-05-03T11:23:58.343287+00:00,needle_minimal,models/Llama-3.2-1B-4bit,10000,middle,2,LUMINA-10000-middle-2,r75_b8,0.75,8,4,5000,True,True,proxy,infeasible,RotatingKVCache quantization NYI,312.5,124.453,60.175,0.0,0.0,,unknown,0.0,,minimal needle benchmark; proxy mode measures retention-induced reachability
needle-10000-middle-2-r50_b8-20260503132358,2026-05-03T11:23:58.343293+00:00,needle_minimal,models/Llama-3.2-1B-4bit,10000,middle,2,LUMINA-10000-middle-2,r50_b8,0.5,8,4,5000,False,False,proxy,infeasible,RotatingKVCache quantization NYI,312.5,82.969,73.45,0.0,0.0,,unknown,0.0,,minimal needle benchmark; proxy mode measures retention-induced reachability
needle-10000-middle-2-r30_b4-20260503132358,2026-05-03T11:23:58.343298+00:00,needle_minimal,models/Llama-3.2-1B-4bit,10000,middle,2,LUMINA-10000-middle-2,r30_b4,0.3,4,4,5000,False,False,proxy,infeasible,kv_bits=4 not supported by backend,312.5,24.891,92.035,0.0,0.0,,unknown,0.0,,minimal needle benchmark; proxy mode measures retention-induced reachability
needle-10000-late-2-full_16-20260503132358,2026-05-03T11:23:58.343303+00:00,needle_minimal,models/Llama-3.2-1B-4bit,10000,late,2,LUMINA-10000-late-2,full_16,1.0,16,4,8500,True,True,proxy,real,fp16/bf16 KV path available,312.5,312.5,0.0,0.0,0.0,,unknown,0.0,,minimal needle benchmark; proxy mode measures retention-induced reachability
needle-10000-late-2-full_8-20260503132358,2026-05-03T11:23:58.343308+00:00,needle_minimal,models/Llama-3.2-1B-4bit,10000,late,2,LUMINA-10000-late-2,full_8,1.0,8,4,8500,True,True,proxy,real,backend path available,312.5,165.938,46.9,0.0,0.0,,unknown,0.0,,minimal needle benchmark; proxy mode measures retention-induced reachability
needle-10000-late-2-r75_b16-20260503132358,2026-05-03T11:23:58.343313+00:00,needle_minimal,models/Llama-3.2-1B-4bit,10000,late,2,LUMINA-10000-late-2,r75_b16,0.75,16,4,8500,True,True,proxy,real,fp16/bf16 KV path available,312.5,234.375,25.0,0.0,0.0,,unknown,0.0,,minimal needle benchmark; proxy mode measures retention-induced reachability
needle-10000-late-2-r50_b16-20260503132358,2026-05-03T11:23:58.343318+00:00,needle_minimal,models/Llama-3.2-1B-4bit,10000,late,2,LUMINA-10000-late-2,r50_b16,0.5,16,4,8500,True,True,proxy,real,fp16/bf16 KV path available,312.5,156.25,50.0,0.0,0.0,,unknown,0.0,,minimal needle benchmark; proxy mode measures retention-induced reachability
needle-10000-late-2-r30_b16-20260503132358,2026-05-03T11:23:58.343323+00:00,needle_minimal,models/Llama-3.2-1B-4bit,10000,late,2,LUMINA-10000-late-2,r30_b16,0.3,16,4,8500,True,True,proxy,real,fp16/bf16 KV path available,312.5,93.75,70.0,0.0,0.0,,unknown,0.0,,minimal needle benchmark; proxy mode measures retention-induced reachability
needle-10000-late-2-r75_b8-20260503132358,2026-05-03T11:23:58.343329+00:00,needle_minimal,models/Llama-3.2-1B-4bit,10000,late,2,LUMINA-10000-late-2,r75_b8,0.75,8,4,8500,True,True,proxy,infeasible,RotatingKVCache quantization NYI,312.5,124.453,60.175,0.0,0.0,,unknown,0.0,,minimal needle benchmark; proxy mode measures retention-induced reachability
needle-10000-late-2-r50_b8-20260503132358,2026-05-03T11:23:58.343334+00:00,needle_minimal,models/Llama-3.2-1B-4bit,10000,late,2,LUMINA-10000-late-2,r50_b8,0.5,8,4,8500,True,True,proxy,infeasible,RotatingKVCache quantization NYI,312.5,82.969,73.45,0.0,0.0,,unknown,0.0,,minimal needle benchmark; proxy mode measures retention-induced reachability
needle-10000-late-2-r30_b4-20260503132358,2026-05-03T11:23:58.343340+00:00,needle_minimal,models/Llama-3.2-1B-4bit,10000,late,2,LUMINA-10000-late-2,r30_b4,0.3,4,4,8500,True,False,proxy,infeasible,kv_bits=4 not supported by backend,312.5,24.891,92.035,0.0,0.0,,unknown,0.0,,minimal needle benchmark; proxy mode measures retention-induced reachability
needle-10000-very_late-2-full_16-20260503132358,2026-05-03T11:23:58.343345+00:00,needle_minimal,models/Llama-3.2-1B-4bit,10000,very_late,2,LUMINA-10000-very_late-2,full_16,1.0,16,4,9500,True,True,proxy,real,fp16/bf16 KV path available,312.5,312.5,0.0,0.0,0.0,,unknown,0.0,,minimal needle benchmark; proxy mode measures retention-induced reachability
needle-10000-very_late-2-full_8-20260503132358,2026-05-03T11:23:58.343349+00:00,needle_minimal,models/Llama-3.2-1B-4bit,10000,very_late,2,LUMINA-10000-very_late-2,full_8,1.0,8,4,9500,True,True,proxy,real,backend path available,312.5,165.938,46.9,0.0,0.0,,unknown,0.0,,minimal needle benchmark; proxy mode measures retention-induced reachability
needle-10000-very_late-2-r75_b16-20260503132358,2026-05-03T11:23:58.343355+00:00,needle_minimal,models/Llama-3.2-1B-4bit,10000,very_late,2,LUMINA-10000-very_late-2,r75_b16,0.75,16,4,9500,True,True,proxy,real,fp16/bf16 KV path available,312.5,234.375,25.0,0.0,0.0,,unknown,0.0,,minimal needle benchmark; proxy mode measures retention-induced reachability
needle-10000-very_late-2-r50_b16-20260503132358,2026-05-03T11:23:58.343360+00:00,needle_minimal,models/Llama-3.2-1B-4bit,10000,very_late,2,LUMINA-10000-very_late-2,r50_b16,0.5,16,4,9500,True,True,proxy,real,fp16/bf16 KV path available,312.5,156.25,50.0,0.0,0.0,,unknown,0.0,,minimal needle benchmark; proxy mode measures retention-induced reachability
needle-10000-very_late-2-r30_b16-20260503132358,2026-05-03T11:23:58.343365+00:00,needle_minimal,models/Llama-3.2-1B-4bit,10000,very_late,2,LUMINA-10000-very_late-2,r30_b16,0.3,16,4,9500,True,True,proxy,real,fp16/bf16 KV path available,312.5,93.75,70.0,0.0,0.0,,unknown,0.0,,minimal needle benchmark; proxy mode measures retention-induced reachability
needle-10000-very_late-2-r75_b8-20260503132358,2026-05-03T11:23:58.343370+00:00,needle_minimal,models/Llama-3.2-1B-4bit,10000,very_late,2,LUMINA-10000-very_late-2,r75_b8,0.75,8,4,9500,True,True,proxy,infeasible,RotatingKVCache quantization NYI,312.5,124.453,60.175,0.0,0.0,,unknown,0.0,,minimal needle benchmark; proxy mode measures retention-induced reachability
needle-10000-very_late-2-r50_b8-20260503132358,2026-05-03T11:23:58.343376+00:00,needle_minimal,models/Llama-3.2-1B-4bit,10000,very_late,2,LUMINA-10000-very_late-2,r50_b8,0.5,8,4,9500,True,True,proxy,infeasible,RotatingKVCache quantization NYI,312.5,82.969,73.45,0.0,0.0,,unknown,0.0,,minimal needle benchmark; proxy mode measures retention-induced reachability
needle-10000-very_late-2-r30_b4-20260503132358,2026-05-03T11:23:58.343381+00:00,needle_minimal,models/Llama-3.2-1B-4bit,10000,very_late,2,LUMINA-10000-very_late-2,r30_b4,0.3,4,4,9500,True,False,proxy,infeasible,kv_bits=4 not supported by backend,312.5,24.891,92.035,0.0,0.0,,unknown,0.0,,minimal needle benchmark; proxy mode measures retention-induced reachability
needle-10000-sink-3-full_16-20260503132358,2026-05-03T11:23:58.343386+00:00,needle_minimal,models/Llama-3.2-1B-4bit,10000,sink,3,LUMINA-10000-sink-3,full_16,1.0,16,4,2,True,True,proxy,real,fp16/bf16 KV path available,312.5,312.5,0.0,0.0,0.0,,unknown,0.0,,minimal needle benchmark; proxy mode measures retention-induced reachability
needle-10000-sink-3-full_8-20260503132358,2026-05-03T11:23:58.343390+00:00,needle_minimal,models/Llama-3.2-1B-4bit,10000,sink,3,LUMINA-10000-sink-3,full_8,1.0,8,4,2,True,True,proxy,real,backend path available,312.5,165.938,46.9,0.0,0.0,,unknown,0.0,,minimal needle benchmark; proxy mode measures retention-induced reachability
needle-10000-sink-3-r75_b16-20260503132358,2026-05-03T11:23:58.343396+00:00,needle_minimal,models/Llama-3.2-1B-4bit,10000,sink,3,LUMINA-10000-sink-3,r75_b16,0.75,16,4,2,True,True,proxy,real,fp16/bf16 KV path available,312.5,234.375,25.0,0.0,0.0,,unknown,0.0,,minimal needle benchmark; proxy mode measures retention-induced reachability
needle-10000-sink-3-r50_b16-20260503132358,2026-05-03T11:23:58.343401+00:00,needle_minimal,models/Llama-3.2-1B-4bit,10000,sink,3,LUMINA-10000-sink-3,r50_b16,0.5,16,4,2,True,True,proxy,real,fp16/bf16 KV path available,312.5,156.25,50.0,0.0,0.0,,unknown,0.0,,minimal needle benchmark; proxy mode measures retention-induced reachability
needle-10000-sink-3-r30_b16-20260503132358,2026-05-03T11:23:58.343406+00:00,needle_minimal,models/Llama-3.2-1B-4bit,10000,sink,3,LUMINA-10000-sink-3,r30_b16,0.3,16,4,2,True,True,proxy,real,fp16/bf16 KV path available,312.5,93.75,70.0,0.0,0.0,,unknown,0.0,,minimal needle benchmark; proxy mode measures retention-induced reachability
needle-10000-sink-3-r75_b8-20260503132358,2026-05-03T11:23:58.343411+00:00,needle_minimal,models/Llama-3.2-1B-4bit,10000,sink,3,LUMINA-10000-sink-3,r75_b8,0.75,8,4,2,True,True,proxy,infeasible,RotatingKVCache quantization NYI,312.5,124.453,60.175,0.0,0.0,,unknown,0.0,,minimal needle benchmark; proxy mode measures retention-induced reachability
needle-10000-sink-3-r50_b8-20260503132358,2026-05-03T11:23:58.343416+00:00,needle_minimal,models/Llama-3.2-1B-4bit,10000,sink,3,LUMINA-10000-sink-3,r50_b8,0.5,8,4,2,True,True,proxy,infeasible,RotatingKVCache quantization NYI,312.5,82.969,73.45,0.0,0.0,,unknown,0.0,,minimal needle benchmark; proxy mode measures retention-induced reachability
needle-10000-sink-3-r30_b4-20260503132358,2026-05-03T11:23:58.343422+00:00,needle_minimal,models/Llama-3.2-1B-4bit,10000,sink,3,LUMINA-10000-sink-3,r30_b4,0.3,4,4,2,True,False,proxy,infeasible,kv_bits=4 not supported by backend,312.5,24.891,92.035,0.0,0.0,,unknown,0.0,,minimal needle benchmark; proxy mode measures retention-induced reachability
needle-10000-early-3-full_16-20260503132358,2026-05-03T11:23:58.343427+00:00,needle_minimal,models/Llama-3.2-1B-4bit,10000,early,3,LUMINA-10000-early-3,full_16,1.0,16,4,1000,True,True,proxy,real,fp16/bf16 KV path available,312.5,312.5,0.0,0.0,0.0,,unknown,0.0,,minimal needle benchmark; proxy mode measures retention-induced reachability
needle-10000-early-3-full_8-20260503132358,2026-05-03T11:23:58.343431+00:00,needle_minimal,models/Llama-3.2-1B-4bit,10000,early,3,LUMINA-10000-early-3,full_8,1.0,8,4,1000,True,True,proxy,real,backend path available,312.5,165.938,46.9,0.0,0.0,,unknown,0.0,,minimal needle benchmark; proxy mode measures retention-induced reachability
needle-10000-early-3-r75_b16-20260503132358,2026-05-03T11:23:58.343436+00:00,needle_minimal,models/Llama-3.2-1B-4bit,10000,early,3,LUMINA-10000-early-3,r75_b16,0.75,16,4,1000,False,False,proxy,real,fp16/bf16 KV path available,312.5,234.375,25.0,0.0,0.0,,unknown,0.0,,minimal needle benchmark; proxy mode measures retention-induced reachability
needle-10000-early-3-r50_b16-20260503132358,2026-05-03T11:23:58.343441+00:00,needle_minimal,models/Llama-3.2-1B-4bit,10000,early,3,LUMINA-10000-early-3,r50_b16,0.5,16,4,1000,False,False,proxy,real,fp16/bf16 KV path available,312.5,156.25,50.0,0.0,0.0,,unknown,0.0,,minimal needle benchmark; proxy mode measures retention-induced reachability
needle-10000-early-3-r30_b16-20260503132358,2026-05-03T11:23:58.343447+00:00,needle_minimal,models/Llama-3.2-1B-4bit,10000,early,3,LUMINA-10000-early-3,r30_b16,0.3,16,4,1000,False,False,proxy,real,fp16/bf16 KV path available,312.5,93.75,70.0,0.0,0.0,,unknown,0.0,,minimal needle benchmark; proxy mode measures retention-induced reachability
needle-10000-early-3-r75_b8-20260503132358,2026-05-03T11:23:58.343452+00:00,needle_minimal,models/Llama-3.2-1B-4bit,10000,early,3,LUMINA-10000-early-3,r75_b8,0.75,8,4,1000,False,False,proxy,infeasible,RotatingKVCache quantization NYI,312.5,124.453,60.175,0.0,0.0,,unknown,0.0,,minimal needle benchmark; proxy mode measures retention-induced reachability
needle-10000-early-3-r50_b8-20260503132358,2026-05-03T11:23:58.343457+00:00,needle_minimal,models/Llama-3.2-1B-4bit,10000,early,3,LUMINA-10000-early-3,r50_b8,0.5,8,4,1000,False,False,proxy,infeasible,RotatingKVCache quantization NYI,312.5,82.969,73.45,0.0,0.0,,unknown,0.0,,minimal needle benchmark; proxy mode measures retention-induced reachability
needle-10000-early-3-r30_b4-20260503132358,2026-05-03T11:23:58.343463+00:00,needle_minimal,models/Llama-3.2-1B-4bit,10000,early,3,LUMINA-10000-early-3,r30_b4,0.3,4,4,1000,False,False,proxy,infeasible,kv_bits=4 not supported by backend,312.5,24.891,92.035,0.0,0.0,,unknown,0.0,,minimal needle benchmark; proxy mode measures retention-induced reachability
needle-10000-middle-3-full_16-20260503132358,2026-05-03T11:23:58.343468+00:00,needle_minimal,models/Llama-3.2-1B-4bit,10000,middle,3,LUMINA-10000-middle-3,full_16,1.0,16,4,5000,True,True,proxy,real,fp16/bf16 KV path available,312.5,312.5,0.0,0.0,0.0,,unknown,0.0,,minimal needle benchmark; proxy mode measures retention-induced reachability
needle-10000-middle-3-full_8-20260503132358,2026-05-03T11:23:58.343472+00:00,needle_minimal,models/Llama-3.2-1B-4bit,10000,middle,3,LUMINA-10000-middle-3,full_8,1.0,8,4,5000,True,True,proxy,real,backend path available,312.5,165.938,46.9,0.0,0.0,,unknown,0.0,,minimal needle benchmark; proxy mode measures retention-induced reachability
needle-10000-middle-3-r75_b16-20260503132358,2026-05-03T11:23:58.343477+00:00,needle_minimal,models/Llama-3.2-1B-4bit,10000,middle,3,LUMINA-10000-middle-3,r75_b16,0.75,16,4,5000,True,True,proxy,real,fp16/bf16 KV path available,312.5,234.375,25.0,0.0,0.0,,unknown,0.0,,minimal needle benchmark; proxy mode measures retention-induced reachability
needle-10000-middle-3-r50_b16-20260503132358,2026-05-03T11:23:58.343482+00:00,needle_minimal,models/Llama-3.2-1B-4bit,10000,middle,3,LUMINA-10000-middle-3,r50_b16,0.5,16,4,5000,False,False,proxy,real,fp16/bf16 KV path available,312.5,156.25,50.0,0.0,0.0,,unknown,0.0,,minimal needle benchmark; proxy mode measures retention-induced reachability
needle-10000-middle-3-r30_b16-20260503132358,2026-05-03T11:23:58.343488+00:00,needle_minimal,models/Llama-3.2-1B-4bit,10000,middle,3,LUMINA-10000-middle-3,r30_b16,0.3,16,4,5000,False,False,proxy,real,fp16/bf16 KV path available,312.5,93.75,70.0,0.0,0.0,,unknown,0.0,,minimal needle benchmark; proxy mode measures retention-induced reachability
needle-10000-middle-3-r75_b8-20260503132358,2026-05-03T11:23:58.343493+00:00,needle_minimal,models/Llama-3.2-1B-4bit,10000,middle,3,LUMINA-10000-middle-3,r75_b8,0.75,8,4,5000,True,True,proxy,infeasible,RotatingKVCache quantization NYI,312.5,124.453,60.175,0.0,0.0,,unknown,0.0,,minimal needle benchmark; proxy mode measures retention-induced reachability
needle-10000-middle-3-r50_b8-20260503132358,2026-05-03T11:23:58.343498+00:00,needle_minimal,models/Llama-3.2-1B-4bit,10000,middle,3,LUMINA-10000-middle-3,r50_b8,0.5,8,4,5000,False,False,proxy,infeasible,RotatingKVCache quantization NYI,312.5,82.969,73.45,0.0,0.0,,unknown,0.0,,minimal needle benchmark; proxy mode measures retention-induced reachability
needle-10000-middle-3-r30_b4-20260503132358,2026-05-03T11:23:58.343506+00:00,needle_minimal,models/Llama-3.2-1B-4bit,10000,middle,3,LUMINA-10000-middle-3,r30_b4,0.3,4,4,5000,False,False,proxy,infeasible,kv_bits=4 not supported by backend,312.5,24.891,92.035,0.0,0.0,,unknown,0.0,,minimal needle benchmark; proxy mode measures retention-induced reachability
needle-10000-late-3-full_16-20260503132358,2026-05-03T11:23:58.343512+00:00,needle_minimal,models/Llama-3.2-1B-4bit,10000,late,3,LUMINA-10000-late-3,full_16,1.0,16,4,8500,True,True,proxy,real,fp16/bf16 KV path available,312.5,312.5,0.0,0.0,0.0,,unknown,0.0,,minimal needle benchmark; proxy mode measures retention-induced reachability
needle-10000-late-3-full_8-20260503132358,2026-05-03T11:23:58.343516+00:00,needle_minimal,models/Llama-3.2-1B-4bit,10000,late,3,LUMINA-10000-late-3,full_8,1.0,8,4,8500,True,True,proxy,real,backend path available,312.5,165.938,46.9,0.0,0.0,,unknown,0.0,,minimal needle benchmark; proxy mode measures retention-induced reachability
needle-10000-late-3-r75_b16-20260503132358,2026-05-03T11:23:58.343521+00:00,needle_minimal,models/Llama-3.2-1B-4bit,10000,late,3,LUMINA-10000-late-3,r75_b16,0.75,16,4,8500,True,True,proxy,real,fp16/bf16 KV path available,312.5,234.375,25.0,0.0,0.0,,unknown,0.0,,minimal needle benchmark; proxy mode measures retention-induced reachability
needle-10000-late-3-r50_b16-20260503132358,2026-05-03T11:23:58.343526+00:00,needle_minimal,models/Llama-3.2-1B-4bit,10000,late,3,LUMINA-10000-late-3,r50_b16,0.5,16,4,8500,True,True,proxy,real,fp16/bf16 KV path available,312.5,156.25,50.0,0.0,0.0,,unknown,0.0,,minimal needle benchmark; proxy mode measures retention-induced reachability
needle-10000-late-3-r30_b16-20260503132358,2026-05-03T11:23:58.343532+00:00,needle_minimal,models/Llama-3.2-1B-4bit,10000,late,3,LUMINA-10000-late-3,r30_b16,0.3,16,4,8500,True,True,proxy,real,fp16/bf16 KV path available,312.5,93.75,70.0,0.0,0.0,,unknown,0.0,,minimal needle benchmark; proxy mode measures retention-induced reachability
needle-10000-late-3-r75_b8-20260503132358,2026-05-03T11:23:58.343537+00:00,needle_minimal,models/Llama-3.2-1B-4bit,10000,late,3,LUMINA-10000-late-3,r75_b8,0.75,8,4,8500,True,True,proxy,infeasible,RotatingKVCache quantization NYI,312.5,124.453,60.175,0.0,0.0,,unknown,0.0,,minimal needle benchmark; proxy mode measures retention-induced reachability
needle-10000-late-3-r50_b8-20260503132358,2026-05-03T11:23:58.343542+00:00,needle_minimal,models/Llama-3.2-1B-4bit,10000,late,3,LUMINA-10000-late-3,r50_b8,0.5,8,4,8500,True,True,proxy,infeasible,RotatingKVCache quantization NYI,312.5,82.969,73.45,0.0,0.0,,unknown,0.0,,minimal needle benchmark; proxy mode measures retention-induced reachability
needle-10000-late-3-r30_b4-20260503132358,2026-05-03T11:23:58.343549+00:00,needle_minimal,models/Llama-3.2-1B-4bit,10000,late,3,LUMINA-10000-late-3,r30_b4,0.3,4,4,8500,True,False,proxy,infeasible,kv_bits=4 not supported by backend,312.5,24.891,92.035,0.0,0.0,,unknown,0.0,,minimal needle benchmark; proxy mode measures retention-induced reachability
needle-10000-very_late-3-full_16-20260503132358,2026-05-03T11:23:58.343555+00:00,needle_minimal,models/Llama-3.2-1B-4bit,10000,very_late,3,LUMINA-10000-very_late-3,full_16,1.0,16,4,9500,True,True,proxy,real,fp16/bf16 KV path available,312.5,312.5,0.0,0.0,0.0,,unknown,0.0,,minimal needle benchmark; proxy mode measures retention-induced reachability
needle-10000-very_late-3-full_8-20260503132358,2026-05-03T11:23:58.343560+00:00,needle_minimal,models/Llama-3.2-1B-4bit,10000,very_late,3,LUMINA-10000-very_late-3,full_8,1.0,8,4,9500,True,True,proxy,real,backend path available,312.5,165.938,46.9,0.0,0.0,,unknown,0.0,,minimal needle benchmark; proxy mode measures retention-induced reachability
needle-10000-very_late-3-r75_b16-20260503132358,2026-05-03T11:23:58.343565+00:00,needle_minimal,models/Llama-3.2-1B-4bit,10000,very_late,3,LUMINA-10000-very_late-3,r75_b16,0.75,16,4,9500,True,True,proxy,real,fp16/bf16 KV path available,312.5,234.375,25.0,0.0,0.0,,unknown,0.0,,minimal needle benchmark; proxy mode measures retention-induced reachability
needle-10000-very_late-3-r50_b16-20260503132358,2026-05-03T11:23:58.343570+00:00,needle_minimal,models/Llama-3.2-1B-4bit,10000,very_late,3,LUMINA-10000-very_late-3,r50_b16,0.5,16,4,9500,True,True,proxy,real,fp16/bf16 KV path available,312.5,156.25,50.0,0.0,0.0,,unknown,0.0,,minimal needle benchmark; proxy mode measures retention-induced reachability
needle-10000-very_late-3-r30_b16-20260503132358,2026-05-03T11:23:58.343575+00:00,needle_minimal,models/Llama-3.2-1B-4bit,10000,very_late,3,LUMINA-10000-very_late-3,r30_b16,0.3,16,4,9500,True,True,proxy,real,fp16/bf16 KV path available,312.5,93.75,70.0,0.0,0.0,,unknown,0.0,,minimal needle benchmark; proxy mode measures retention-induced reachability
needle-10000-very_late-3-r75_b8-20260503132358,2026-05-03T11:23:58.343581+00:00,needle_minimal,models/Llama-3.2-1B-4bit,10000,very_late,3,LUMINA-10000-very_late-3,r75_b8,0.75,8,4,9500,True,True,proxy,infeasible,RotatingKVCache quantization NYI,312.5,124.453,60.175,0.0,0.0,,unknown,0.0,,minimal needle benchmark; proxy mode measures retention-induced reachability
needle-10000-very_late-3-r50_b8-20260503132358,2026-05-03T11:23:58.343586+00:00,needle_minimal,models/Llama-3.2-1B-4bit,10000,very_late,3,LUMINA-10000-very_late-3,r50_b8,0.5,8,4,9500,True,True,proxy,infeasible,RotatingKVCache quantization NYI,312.5,82.969,73.45,0.0,0.0,,unknown,0.0,,minimal needle benchmark; proxy mode measures retention-induced reachability
needle-10000-very_late-3-r30_b4-20260503132358,2026-05-03T11:23:58.343591+00:00,needle_minimal,models/Llama-3.2-1B-4bit,10000,very_late,3,LUMINA-10000-very_late-3,r30_b4,0.3,4,4,9500,True,False,proxy,infeasible,kv_bits=4 not supported by backend,312.5,24.891,92.035,0.0,0.0,,unknown,0.0,,minimal needle benchmark; proxy mode measures retention-induced reachability
